order_id,customer_id,order_date,total_amount
1,96,2023-01-01,70000
2,36,2023-01-01,25000
3,86,2023-01-01,30000
4,44,2023-01-01,170000
5,1,2023-01-02,10000
6,77,2023-01-02,120000
7,9,2023-01-03,100000
8,32,2023-01-03,20000
9,58,2023-01-03,25000
10,59,2023-01-03,120000
11,96,2023-01-04,10000
12,53,2023-01-04,110000
13,17,2023-01-04,110000
14,59,2023-01-04,110000
15,67,2023-01-05,75000
16,89,2023-01-05,240000
17,90,2023-01-05,20000
18,12,2023-01-06,25000
19,99,2023-01-06,170000
20,38,2023-01-06,45000
21,82,2023-01-06,80000
22,14,2023-01-06,25000
23,33,2023-01-07,140000
24,27,2023-01-07,100000
25,4,2023-01-07,100000
26,37,2023-01-07,20000
27,99,2023-01-07,25000
28,87,2023-01-08,120000
29,25,2023-01-08,180000
30,32,2023-01-08,205000
31,48,2023-01-08,70000
32,36,2023-01-08,40000
33,16,2023-01-09,145000
34,87,2023-01-09,80000
35,52,2023-01-09,110000
36,60,2023-01-10,10000
37,94,2023-01-10,180000
38,63,2023-01-11,130000
39,1,2023-01-11,130000
40,89,2023-01-11,20000
41,64,2023-01-11,100000
42,78,2023-01-11,10000
43,69,2023-01-12,15000
44,23,2023-01-12,160000
45,19,2023-01-12,25000
46,32,2023-01-13,70000
47,65,2023-01-13,40000
48,29,2023-01-13,120000
49,35,2023-01-13,130000
50,68,2023-01-13,45000
51,36,2023-01-14,90000
52,36,2023-01-14,70000
53,55,2023-01-15,25000
54,30,2023-01-15,10000
55,89,2023-01-15,50000
56,76,2023-01-15,10000
57,52,2023-01-15,115000
58,23,2023-01-16,50000
59,58,2023-01-16,95000
60,74,2023-01-17,60000
61,42,2023-01-17,120000
62,29,2023-01-18,120000
63,65,2023-01-18,65000
64,31,2023-01-19,45000
65,92,2023-01-19,30000
66,92,2023-01-19,25000
67,58,2023-01-20,25000
68,21,2023-01-20,55000
69,57,2023-01-20,75000
70,3,2023-01-21,170000
71,92,2023-01-21,170000
72,64,2023-01-21,75000
73,6,2023-01-22,145000
74,5,2023-01-22,45000
75,86,2023-01-22,50000
76,6,2023-01-22,50000
77,53,2023-01-23,75000
78,51,2023-01-23,20000
79,32,2023-01-23,180000
80,3,2023-01-23,65000
81,23,2023-01-24,210000
82,98,2023-01-24,65000
83,38,2023-01-24,120000
84,51,2023-01-24,40000
85,17,2023-01-25,80000
86,43,2023-01-25,125000
87,67,2023-01-25,105000
88,21,2023-01-25,110000
89,78,2023-01-25,100000
90,56,2023-01-26,65000
91,8,2023-01-26,5000
92,47,2023-01-26,280000
93,59,2023-01-26,45000
94,15,2023-01-27,10000
95,39,2023-01-27,10000
96,44,2023-01-27,20000
97,68,2023-01-27,170000
98,8,2023-01-28,60000
99,6,2023-01-28,45000
100,33,2023-01-28,40000
101,4,2023-01-28,145000
102,31,2023-01-29,120000
103,84,2023-01-29,140000
104,79,2023-01-29,120000
105,20,2023-01-29,50000
106,64,2023-01-30,45000
107,33,2023-01-30,60000
108,2,2023-01-30,25000
109,75,2023-01-31,85000
110,75,2023-01-31,5000
111,64,2023-02-01,60000
112,30,2023-02-01,195000
113,89,2023-02-01,170000
114,97,2023-02-01,90000
115,51,2023-02-01,205000
116,94,2023-02-02,40000
117,86,2023-02-02,15000
118,47,2023-02-03,50000
119,5,2023-02-03,5000
120,95,2023-02-03,135000
121,23,2023-02-03,85000
122,60,2023-02-04,140000
123,51,2023-02-04,20000
124,23,2023-02-04,10000
125,36,2023-02-04,35000
126,15,2023-02-04,25000
127,52,2023-02-05,20000
128,63,2023-02-05,120000
129,7,2023-02-05,55000
130,51,2023-02-06,70000
131,49,2023-02-06,120000
132,28,2023-02-06,75000
133,86,2023-02-06,105000
134,32,2023-02-07,85000
135,78,2023-02-07,170000
136,1,2023-02-07,50000
137,74,2023-02-08,190000
138,65,2023-02-08,60000
139,59,2023-02-08,165000
140,96,2023-02-09,60000
141,14,2023-02-09,85000
142,29,2023-02-09,65000
143,2,2023-02-09,180000
144,99,2023-02-10,100000
145,96,2023-02-10,10000
146,9,2023-02-10,65000
147,4,2023-02-10,60000
148,18,2023-02-10,40000
149,37,2023-02-11,60000
150,86,2023-02-11,50000
151,40,2023-02-12,30000
152,26,2023-02-12,120000
153,64,2023-02-12,25000
154,26,2023-02-12,5000
155,36,2023-02-13,60000
156,54,2023-02-13,140000
157,36,2023-02-13,60000
158,26,2023-02-13,75000
159,43,2023-02-13,65000
160,94,2023-02-14,35000
161,17,2023-02-14,145000
162,83,2023-02-14,105000
163,59,2023-02-14,80000
164,23,2023-02-15,10000
165,9,2023-02-15,110000
166,17,2023-02-16,140000
167,43,2023-02-16,65000
168,86,2023-02-16,40000
169,42,2023-02-16,30000
170,13,2023-02-17,45000
171,93,2023-02-17,90000
172,25,2023-02-18,220000
173,18,2023-02-18,40000
174,15,2023-02-18,5000
175,43,2023-02-19,130000
176,25,2023-02-19,135000
177,98,2023-02-20,10000
178,3,2023-02-20,45000
179,20,2023-02-20,170000
180,17,2023-02-20,125000
181,56,2023-02-21,40000
182,5,2023-02-21,190000
183,37,2023-02-21,25000
184,40,2023-02-21,20000
185,67,2023-02-22,30000
186,80,2023-02-22,60000
187,13,2023-02-22,125000
188,58,2023-02-23,50000
189,10,2023-02-23,90000
190,46,2023-02-24,220000
191,70,2023-02-24,160000
192,22,2023-02-25,100000
193,65,2023-02-25,130000
194,99,2023-02-26,25000
195,33,2023-02-26,70000
196,98,2023-02-26,45000
197,15,2023-02-26,110000
198,67,2023-02-26,5000
199,59,2023-02-27,35000
200,38,2023-02-27,170000
201,27,2023-02-27,75000
202,50,2023-02-27,60000
203,78,2023-02-27,60000
204,2,2023-02-28,80000
205,38,2023-02-28,130000
206,76,2023-03-01,120000
207,86,2023-03-01,60000
208,97,2023-03-02,20000
209,77,2023-03-02,240000
210,15,2023-03-02,85000
211,6,2023-03-03,5000
212,32,2023-03-03,120000
213,84,2023-03-03,145000
214,26,2023-03-03,150000
215,45,2023-03-04,80000
216,51,2023-03-04,65000
217,74,2023-03-05,95000
218,31,2023-03-05,160000
219,24,2023-03-05,45000
220,100,2023-03-05,125000
221,58,2023-03-05,75000
222,26,2023-03-06,140000
223,69,2023-03-06,90000
224,89,2023-03-06,45000
225,35,2023-03-06,50000
226,56,2023-03-07,25000
227,10,2023-03-07,180000
228,8,2023-03-07,60000
229,49,2023-03-07,50000
230,61,2023-03-07,40000
231,35,2023-03-08,75000
232,12,2023-03-08,160000
233,89,2023-03-08,75000
234,23,2023-03-08,130000
235,8,2023-03-09,70000
236,86,2023-03-09,165000
237,8,2023-03-09,85000
238,80,2023-03-09,170000
239,63,2023-03-10,50000
240,13,2023-03-10,25000
241,75,2023-03-10,130000
242,13,2023-03-11,25000
243,1,2023-03-11,15000
244,71,2023-03-11,65000
245,11,2023-03-12,150000
246,66,2023-03-12,90000
247,37,2023-03-12,195000
248,23,2023-03-13,115000
249,13,2023-03-13,100000
250,29,2023-03-14,280000
251,89,2023-03-14,55000
252,71,2023-03-14,80000
253,13,2023-03-14,180000
254,42,2023-03-15,10000
255,50,2023-03-15,185000
256,49,2023-03-16,110000
257,71,2023-03-16,45000
258,18,2023-03-16,85000
259,90,2023-03-16,60000
260,73,2023-03-17,5000
261,68,2023-03-17,5000
262,44,2023-03-17,100000
263,86,2023-03-17,130000
264,30,2023-03-18,85000
265,55,2023-03-18,60000
266,8,2023-03-18,190000
267,21,2023-03-18,110000
268,38,2023-03-19,15000
269,85,2023-03-19,145000
270,23,2023-03-19,45000
271,86,2023-03-19,60000
272,49,2023-03-19,140000
273,67,2023-03-20,145000
274,20,2023-03-20,60000
275,36,2023-03-20,130000
276,13,2023-03-21,40000
277,25,2023-03-21,130000
278,6,2023-03-22,120000
279,23,2023-03-22,125000
280,31,2023-03-22,95000
281,80,2023-03-22,60000
282,52,2023-03-23,40000
283,63,2023-03-23,120000
284,99,2023-03-24,200000
285,91,2023-03-24,20000
286,87,2023-03-25,65000
287,85,2023-03-25,10000
288,36,2023-03-25,5000
289,21,2023-03-26,90000
290,38,2023-03-26,40000
291,41,2023-03-26,10000
292,58,2023-03-26,50000
293,59,2023-03-27,85000
294,83,2023-03-27,25000
295,8,2023-03-27,25000
296,1,2023-03-27,60000
297,5,2023-03-27,40000
298,11,2023-03-28,120000
299,8,2023-03-28,170000
300,25,2023-03-28,60000
301,49,2023-03-28,60000
302,10,2023-03-28,120000
303,13,2023-03-29,120000
304,32,2023-03-29,25000
305,25,2023-03-29,160000
306,21,2023-03-30,90000
307,8,2023-03-30,140000
308,22,2023-03-30,15000
309,50,2023-03-30,120000
310,3,2023-03-30,115000
311,58,2023-03-31,25000
312,4,2023-03-31,105000
313,66,2023-03-31,50000
314,86,2023-04-01,125000
315,34,2023-04-01,5000
316,95,2023-04-01,180000
317,99,2023-04-01,90000
318,38,2023-04-01,100000
319,14,2023-04-02,180000
320,60,2023-04-02,65000
321,64,2023-04-03,125000
322,92,2023-04-03,60000
323,70,2023-04-03,20000
324,77,2023-04-03,55000
325,42,2023-04-03,45000
326,70,2023-04-04,30000
327,57,2023-04-04,60000
328,24,2023-04-04,40000
329,30,2023-04-04,145000
330,80,2023-04-04,15000
331,84,2023-04-05,25000
332,7,2023-04-05,240000
333,15,2023-04-05,50000
334,3,2023-04-05,70000
335,33,2023-04-05,10000
336,24,2023-04-06,10000
337,43,2023-04-06,5000
338,70,2023-04-07,80000
339,57,2023-04-07,170000
340,76,2023-04-07,130000
341,21,2023-04-08,170000
342,92,2023-04-08,70000
343,66,2023-04-08,40000
344,44,2023-04-08,60000
345,23,2023-04-09,5000
346,69,2023-04-09,165000
347,15,2023-04-09,240000
348,7,2023-04-09,70000
349,32,2023-04-09,130000
350,1,2023-04-10,125000
351,59,2023-04-10,150000
352,5,2023-04-10,160000
353,47,2023-04-10,5000
354,76,2023-04-10,60000
355,52,2023-04-11,55000
356,48,2023-04-11,25000
357,33,2023-04-11,60000
358,40,2023-04-11,80000
359,25,2023-04-12,150000
360,17,2023-04-12,15000
361,59,2023-04-12,220000
362,84,2023-04-13,10000
363,87,2023-04-13,110000
364,73,2023-04-13,5000
365,19,2023-04-14,200000
366,33,2023-04-14,5000
367,59,2023-04-14,40000
368,86,2023-04-14,25000
369,93,2023-04-15,65000
370,21,2023-04-15,50000
371,33,2023-04-15,25000
372,68,2023-04-15,155000
373,47,2023-04-15,75000
374,51,2023-04-16,200000
375,1,2023-04-16,110000
376,65,2023-04-17,25000
377,40,2023-04-17,60000
378,49,2023-04-17,25000
379,85,2023-04-17,5000
380,9,2023-04-18,50000
381,21,2023-04-18,35000
382,46,2023-04-18,10000
383,61,2023-04-19,20000
384,45,2023-04-19,15000
385,30,2023-04-19,25000
386,84,2023-04-19,130000
387,19,2023-04-19,60000
388,74,2023-04-20,90000
389,73,2023-04-20,120000
390,2,2023-04-21,120000
391,40,2023-04-21,65000
392,45,2023-04-21,45000
393,21,2023-04-21,85000
394,30,2023-04-22,75000
395,23,2023-04-22,50000
396,37,2023-04-22,5000
397,74,2023-04-23,85000
398,49,2023-04-23,40000
399,56,2023-04-24,45000
400,88,2023-04-24,230000
401,50,2023-04-24,65000
402,37,2023-04-24,85000
403,29,2023-04-24,120000
404,96,2023-04-25,45000
405,86,2023-04-25,25000
406,98,2023-04-26,5000
407,46,2023-04-26,95000
408,98,2023-04-26,165000
409,85,2023-04-27,40000
410,19,2023-04-27,95000
411,11,2023-04-27,110000
412,19,2023-04-27,40000
413,88,2023-04-28,60000
414,82,2023-04-28,110000
415,45,2023-04-28,50000
416,19,2023-04-29,130000
417,96,2023-04-29,140000
418,21,2023-04-29,30000
419,19,2023-04-29,45000
420,65,2023-04-29,25000
421,8,2023-04-30,25000
422,36,2023-04-30,110000
423,99,2023-05-01,135000
424,40,2023-05-01,120000
425,16,2023-05-01,170000
426,34,2023-05-01,155000
427,17,2023-05-02,5000
428,19,2023-05-02,50000
429,81,2023-05-03,360000
430,28,2023-05-03,60000
431,77,2023-05-03,200000
432,76,2023-05-03,25000
433,93,2023-05-04,120000
434,6,2023-05-04,20000
435,28,2023-05-04,55000
436,83,2023-05-05,5000
437,58,2023-05-05,20000
438,13,2023-05-06,50000
439,47,2023-05-06,10000
440,83,2023-05-07,10000
441,48,2023-05-07,150000
442,13,2023-05-07,30000
443,75,2023-05-07,65000
444,9,2023-05-08,120000
445,21,2023-05-08,135000
446,46,2023-05-08,10000
447,81,2023-05-09,15000
448,54,2023-05-09,10000
449,60,2023-05-09,70000
450,58,2023-05-10,70000
451,96,2023-05-10,50000
452,7,2023-05-10,10000
453,77,2023-05-10,95000
454,45,2023-05-10,35000
455,79,2023-05-11,165000
456,32,2023-05-11,110000
457,25,2023-05-12,65000
458,68,2023-05-12,95000
459,47,2023-05-12,100000
460,33,2023-05-13,80000
461,46,2023-05-13,120000
462,62,2023-05-13,70000
463,93,2023-05-14,50000
464,75,2023-05-14,10000
465,70,2023-05-14,120000
466,64,2023-05-15,140000
467,82,2023-05-15,25000
468,43,2023-05-15,60000
469,8,2023-05-15,120000
470,94,2023-05-15,25000
471,88,2023-05-16,80000
472,92,2023-05-16,90000
473,48,2023-05-16,15000
474,54,2023-05-16,40000
475,94,2023-05-16,85000
476,82,2023-05-17,40000
477,20,2023-05-17,35000
478,41,2023-05-17,20000
479,56,2023-05-17,85000
480,40,2023-05-18,5000
481,84,2023-05-18,35000
482,68,2023-05-18,85000
483,63,2023-05-19,40000
484,24,2023-05-19,110000
485,23,2023-05-19,5000
486,62,2023-05-19,50000
487,54,2023-05-19,100000
488,84,2023-05-20,105000
489,13,2023-05-20,150000
490,47,2023-05-21,140000
491,72,2023-05-21,25000
492,42,2023-05-21,65000
493,96,2023-05-21,35000
494,21,2023-05-21,5000
495,51,2023-05-22,10000
496,15,2023-05-22,20000
497,41,2023-05-23,40000
498,84,2023-05-23,25000
499,76,2023-05-23,30000
500,43,2023-05-23,105000
501,97,2023-05-24,25000
502,69,2023-05-24,130000
503,89,2023-05-24,245000
504,67,2023-05-25,35000
505,53,2023-05-25,50000
506,59,2023-05-25,60000
507,19,2023-05-25,70000
508,84,2023-05-26,170000
509,93,2023-05-26,40000
510,57,2023-05-27,80000
511,28,2023-05-27,65000
512,76,2023-05-28,250000
513,26,2023-05-28,95000
514,84,2023-05-29,160000
515,97,2023-05-29,45000
516,65,2023-05-29,130000
517,22,2023-05-29,60000
518,49,2023-05-30,50000
519,36,2023-05-30,10000
520,32,2023-05-30,160000
521,35,2023-05-30,160000
522,92,2023-05-31,50000
523,50,2023-05-31,25000
524,23,2023-05-31,140000
525,61,2023-05-31,180000
526,10,2023-06-01,60000
527,46,2023-06-01,200000
528,73,2023-06-01,5000
529,60,2023-06-01,10000
530,59,2023-06-02,20000
531,60,2023-06-02,70000
532,98,2023-06-02,75000
533,68,2023-06-02,110000
534,29,2023-06-02,5000
535,71,2023-06-03,175000
536,23,2023-06-03,50000
537,52,2023-06-03,10000
538,96,2023-06-04,60000
539,58,2023-06-04,95000
540,41,2023-06-04,80000
541,30,2023-06-04,5000
542,37,2023-06-05,35000
543,6,2023-06-05,80000
544,32,2023-06-05,240000
545,73,2023-06-05,120000
546,15,2023-06-06,30000
547,19,2023-06-06,105000
548,93,2023-06-06,120000
549,13,2023-06-06,5000
550,49,2023-06-07,100000
551,32,2023-06-07,65000
552,86,2023-06-07,60000
553,78,2023-06-08,60000
554,45,2023-06-08,210000
555,22,2023-06-08,170000
556,57,2023-06-08,5000
557,79,2023-06-09,5000
558,83,2023-06-09,300000
559,96,2023-06-10,180000
560,79,2023-06-10,40000
561,45,2023-06-10,110000
562,44,2023-06-10,60000
563,92,2023-06-11,65000
564,64,2023-06-11,140000
565,42,2023-06-11,10000
566,8,2023-06-11,220000
567,90,2023-06-12,120000
568,62,2023-06-12,55000
569,45,2023-06-13,20000
570,100,2023-06-13,260000
571,84,2023-06-13,90000
572,21,2023-06-14,170000
573,29,2023-06-14,55000
574,20,2023-06-14,95000
575,13,2023-06-15,25000
576,54,2023-06-15,250000
577,49,2023-06-15,95000
578,61,2023-06-15,50000
579,74,2023-06-15,10000
580,87,2023-06-16,75000
581,4,2023-06-16,50000
582,11,2023-06-16,10000
583,82,2023-06-16,70000
584,83,2023-06-17,60000
585,15,2023-06-17,30000
586,20,2023-06-17,145000
587,20,2023-06-18,140000
588,66,2023-06-18,10000
589,54,2023-06-18,160000
590,81,2023-06-19,110000
591,88,2023-06-19,120000
592,79,2023-06-19,85000
593,94,2023-06-20,10000
594,50,2023-06-20,190000
595,3,2023-06-20,40000
596,56,2023-06-21,200000
597,49,2023-06-21,40000
598,4,2023-06-21,210000
599,46,2023-06-21,70000
600,44,2023-06-21,85000
601,53,2023-06-22,60000
602,40,2023-06-22,5000
603,63,2023-06-22,90000
604,63,2023-06-22,85000
605,68,2023-06-23,35000
606,60,2023-06-23,180000
607,77,2023-06-23,190000
608,98,2023-06-23,50000
609,32,2023-06-24,135000
610,52,2023-06-24,50000
611,85,2023-06-24,75000
612,49,2023-06-25,5000
613,1,2023-06-25,180000
614,59,2023-06-25,45000
615,16,2023-06-26,120000
616,94,2023-06-26,100000
617,15,2023-06-27,60000
618,53,2023-06-27,90000
619,80,2023-06-27,60000
620,78,2023-06-27,10000
621,42,2023-06-28,75000
622,93,2023-06-28,10000
623,50,2023-06-29,25000
624,11,2023-06-29,5000
625,83,2023-06-29,175000
626,68,2023-06-30,50000
627,32,2023-06-30,10000
628,83,2023-06-30,180000
629,42,2023-06-30,170000
630,27,2023-06-30,60000
631,25,2023-07-01,200000
632,24,2023-07-01,10000
633,15,2023-07-01,230000
634,4,2023-07-02,105000
635,84,2023-07-02,40000
636,97,2023-07-02,70000
637,21,2023-07-02,20000
638,47,2023-07-03,300000
639,10,2023-07-03,20000
640,75,2023-07-03,20000
641,53,2023-07-03,115000
642,51,2023-07-04,120000
643,54,2023-07-04,25000
644,34,2023-07-04,90000
645,63,2023-07-04,25000
646,80,2023-07-04,60000
647,78,2023-07-05,120000
648,72,2023-07-05,5000
649,31,2023-07-06,120000
650,69,2023-07-06,25000
651,20,2023-07-07,130000
652,78,2023-07-07,25000
653,63,2023-07-07,170000
654,50,2023-07-08,10000
655,14,2023-07-08,50000
656,68,2023-07-08,200000
657,15,2023-07-08,205000
658,80,2023-07-09,135000
659,45,2023-07-09,100000
660,18,2023-07-10,95000
661,11,2023-07-10,95000
662,65,2023-07-10,30000
663,60,2023-07-10,50000
664,69,2023-07-10,150000
665,58,2023-07-11,145000
666,98,2023-07-11,45000
667,81,2023-07-11,120000
668,16,2023-07-12,5000
669,59,2023-07-12,90000
670,42,2023-07-12,120000
671,90,2023-07-12,60000
672,12,2023-07-13,5000
673,81,2023-07-13,40000
674,36,2023-07-13,125000
675,74,2023-07-13,95000
676,21,2023-07-13,60000
677,25,2023-07-14,160000
678,100,2023-07-14,60000
679,93,2023-07-14,110000
680,70,2023-07-14,125000
681,37,2023-07-14,80000
682,7,2023-07-15,90000
683,32,2023-07-15,160000
684,16,2023-07-15,50000
685,85,2023-07-15,195000
686,71,2023-07-16,80000
687,67,2023-07-16,170000
688,28,2023-07-17,40000
689,42,2023-07-17,40000
690,47,2023-07-17,20000
691,27,2023-07-18,120000
692,89,2023-07-18,45000
693,98,2023-07-18,70000
694,29,2023-07-18,105000
695,18,2023-07-18,180000
696,22,2023-07-19,60000
697,20,2023-07-19,15000
698,69,2023-07-19,60000
699,95,2023-07-19,15000
700,32,2023-07-19,175000
701,78,2023-07-20,90000
702,32,2023-07-20,25000
703,29,2023-07-20,60000
704,91,2023-07-20,50000
705,87,2023-07-21,250000
706,67,2023-07-21,5000
707,1,2023-07-21,40000
708,8,2023-07-21,25000
709,60,2023-07-21,90000
710,91,2023-07-22,50000
711,57,2023-07-22,35000
712,72,2023-07-22,65000
713,56,2023-07-23,160000
714,11,2023-07-23,130000
715,42,2023-07-23,120000
716,47,2023-07-23,85000
717,37,2023-07-23,30000
718,4,2023-07-24,195000
719,28,2023-07-24,70000
720,30,2023-07-24,120000
721,93,2023-07-24,60000
722,51,2023-07-24,125000
723,64,2023-07-25,80000
724,50,2023-07-25,55000
725,4,2023-07-25,125000
726,83,2023-07-26,65000
727,28,2023-07-26,25000
728,59,2023-07-26,155000
729,30,2023-07-26,180000
730,71,2023-07-26,10000
731,90,2023-07-27,120000
732,24,2023-07-27,25000
733,42,2023-07-27,40000
734,94,2023-07-27,35000
735,52,2023-07-28,145000
736,59,2023-07-28,200000
737,6,2023-07-28,85000
738,39,2023-07-29,60000
739,96,2023-07-29,85000
740,92,2023-07-29,120000
741,38,2023-07-30,50000
742,8,2023-07-30,160000
743,9,2023-07-30,145000
744,41,2023-07-30,90000
745,72,2023-07-31,5000
746,81,2023-07-31,90000
747,69,2023-07-31,175000
748,56,2023-08-01,95000
749,26,2023-08-01,110000
750,82,2023-08-01,130000
751,55,2023-08-01,170000
752,86,2023-08-02,185000
753,28,2023-08-02,180000
754,38,2023-08-02,120000
755,22,2023-08-02,95000
756,65,2023-08-03,110000
757,30,2023-08-03,5000
758,21,2023-08-04,25000
759,44,2023-08-04,60000
760,84,2023-08-05,35000
761,87,2023-08-05,20000
762,28,2023-08-05,40000
763,41,2023-08-05,60000
764,66,2023-08-05,165000
765,62,2023-08-06,25000
766,98,2023-08-06,20000
767,23,2023-08-06,160000
768,89,2023-08-06,40000
769,96,2023-08-07,25000
770,10,2023-08-07,35000
771,15,2023-08-07,50000
772,5,2023-08-08,150000
773,67,2023-08-08,85000
774,13,2023-08-08,20000
775,2,2023-08-08,75000
776,78,2023-08-09,35000
777,55,2023-08-09,20000
778,92,2023-08-10,20000
779,84,2023-08-10,10000
780,83,2023-08-10,140000
781,55,2023-08-11,85000
782,51,2023-08-11,85000
783,10,2023-08-12,100000
784,25,2023-08-12,25000
785,61,2023-08-12,120000
786,72,2023-08-12,105000
787,3,2023-08-13,35000
788,87,2023-08-13,60000
789,33,2023-08-13,75000
790,5,2023-08-13,125000
791,24,2023-08-14,250000
792,8,2023-08-14,55000
793,13,2023-08-15,40000
794,78,2023-08-15,10000
795,71,2023-08-15,60000
796,38,2023-08-16,140000
797,56,2023-08-16,35000
798,43,2023-08-17,40000
799,4,2023-08-17,120000
800,81,2023-08-17,125000
801,66,2023-08-18,120000
802,22,2023-08-18,25000
803,97,2023-08-19,20000
804,43,2023-08-19,170000
805,88,2023-08-20,5000
806,43,2023-08-20,200000
807,68,2023-08-20,220000
808,29,2023-08-20,20000
809,76,2023-08-21,240000
810,65,2023-08-21,90000
811,63,2023-08-21,120000
812,93,2023-08-21,10000
813,30,2023-08-22,15000
814,56,2023-08-22,65000
815,1,2023-08-22,20000
816,51,2023-08-22,50000
817,61,2023-08-23,125000
818,17,2023-08-23,50000
819,53,2023-08-23,250000
820,50,2023-08-23,40000
821,22,2023-08-23,20000
822,58,2023-08-24,110000
823,77,2023-08-24,135000
824,55,2023-08-25,45000
825,35,2023-08-25,195000
826,31,2023-08-25,35000
827,10,2023-08-26,145000
828,42,2023-08-26,120000
829,58,2023-08-26,55000
830,63,2023-08-27,55000
831,41,2023-08-27,60000
832,17,2023-08-27,5000
833,62,2023-08-28,25000
834,50,2023-08-28,40000
835,24,2023-08-28,90000
836,17,2023-08-28,5000
837,4,2023-08-28,75000
838,92,2023-08-29,120000
839,26,2023-08-29,120000
840,49,2023-08-29,70000
841,33,2023-08-29,25000
842,55,2023-08-30,125000
843,24,2023-08-30,20000
844,10,2023-08-31,180000
845,80,2023-08-31,70000
846,67,2023-09-01,120000
847,30,2023-09-01,60000
848,13,2023-09-01,160000
849,100,2023-09-01,55000
850,2,2023-09-02,250000
851,6,2023-09-02,120000
852,52,2023-09-02,200000
853,53,2023-09-02,90000
854,37,2023-09-02,50000
855,26,2023-09-03,25000
856,38,2023-09-03,145000
857,38,2023-09-04,50000
858,12,2023-09-04,80000
859,2,2023-09-04,120000
860,51,2023-09-04,70000
861,85,2023-09-04,40000
862,85,2023-09-05,30000
863,1,2023-09-05,180000
864,62,2023-09-05,130000
865,21,2023-09-06,70000
866,56,2023-09-06,40000
867,52,2023-09-06,120000
868,52,2023-09-06,100000
869,18,2023-09-06,220000
870,72,2023-09-07,20000
871,52,2023-09-07,120000
872,36,2023-09-07,5000
873,68,2023-09-07,15000
874,54,2023-09-07,20000
875,18,2023-09-08,40000
876,54,2023-09-08,50000
877,58,2023-09-08,30000
878,86,2023-09-08,170000
879,60,2023-09-08,25000
880,75,2023-09-09,65000
881,7,2023-09-09,165000
882,93,2023-09-10,25000
883,91,2023-09-10,95000
884,25,2023-09-10,60000
885,54,2023-09-10,75000
886,38,2023-09-11,5000
887,72,2023-09-11,60000
888,15,2023-09-11,145000
889,4,2023-09-12,35000
890,35,2023-09-12,55000
891,41,2023-09-12,90000
892,91,2023-09-13,160000
893,59,2023-09-13,50000
894,88,2023-09-14,65000
895,80,2023-09-14,25000
896,80,2023-09-15,100000
897,49,2023-09-15,115000
898,16,2023-09-15,50000
899,37,2023-09-15,10000
900,78,2023-09-15,55000
901,34,2023-09-16,15000
902,69,2023-09-16,110000
903,65,2023-09-16,10000
904,85,2023-09-16,50000
905,57,2023-09-16,60000
906,33,2023-09-17,20000
907,43,2023-09-17,120000
908,95,2023-09-17,55000
909,56,2023-09-18,80000
910,18,2023-09-18,35000
911,40,2023-09-18,80000
912,56,2023-09-18,135000
913,19,2023-09-18,125000
914,63,2023-09-19,35000
915,71,2023-09-19,10000
916,25,2023-09-19,10000
917,24,2023-09-20,15000
918,88,2023-09-20,125000
919,27,2023-09-20,165000
920,86,2023-09-20,80000
921,93,2023-09-21,160000
922,38,2023-09-21,70000
923,4,2023-09-22,280000
924,38,2023-09-22,125000
925,50,2023-09-22,240000
926,17,2023-09-23,150000
927,45,2023-09-23,240000
928,32,2023-09-23,195000
929,66,2023-09-24,20000
930,9,2023-09-24,105000
931,48,2023-09-24,160000
932,78,2023-09-24,10000
933,99,2023-09-24,20000
934,66,2023-09-25,205000
935,69,2023-09-25,65000
936,40,2023-09-25,45000
937,71,2023-09-25,120000
938,34,2023-09-25,45000
939,98,2023-09-26,45000
940,70,2023-09-26,120000
941,2,2023-09-27,70000
942,49,2023-09-27,20000
943,18,2023-09-27,130000
944,42,2023-09-28,140000
945,41,2023-09-28,25000
946,27,2023-09-28,65000
947,87,2023-09-28,35000
948,93,2023-09-29,60000
949,64,2023-09-29,50000
950,58,2023-09-29,195000
951,65,2023-09-29,80000
952,2,2023-09-29,80000
953,61,2023-09-30,135000
954,5,2023-09-30,45000
955,26,2023-09-30,10000
956,1,2023-09-30,25000
957,80,2023-09-30,250000
958,11,2023-10-01,10000
959,21,2023-10-01,80000
960,15,2023-10-02,60000
961,86,2023-10-02,185000
962,73,2023-10-03,60000
963,90,2023-10-03,50000
964,72,2023-10-04,50000
965,27,2023-10-04,120000
966,25,2023-10-04,45000
967,58,2023-10-04,140000
968,24,2023-10-04,25000
969,94,2023-10-05,60000
970,75,2023-10-05,25000
971,28,2023-10-06,105000
972,68,2023-10-06,115000
973,71,2023-10-06,140000
974,71,2023-10-06,170000
975,54,2023-10-06,10000
976,65,2023-10-07,120000
977,53,2023-10-07,60000
978,18,2023-10-07,65000
979,29,2023-10-07,35000
980,78,2023-10-08,10000
981,14,2023-10-08,20000
982,82,2023-10-08,10000
983,99,2023-10-08,10000
984,43,2023-10-09,20000
985,49,2023-10-09,40000
986,57,2023-10-09,5000
987,6,2023-10-10,70000
988,44,2023-10-10,220000
989,82,2023-10-10,100000
990,78,2023-10-10,40000
991,5,2023-10-11,45000
992,30,2023-10-11,70000
993,26,2023-10-11,145000
994,35,2023-10-12,165000
995,82,2023-10-12,40000
996,44,2023-10-12,45000
997,70,2023-10-12,65000
998,53,2023-10-12,50000
999,98,2023-10-13,160000
1000,53,2023-10-13,55000
1001,20,2023-10-13,25000
1002,72,2023-10-13,240000
1003,60,2023-10-14,25000
1004,97,2023-10-14,140000
1005,5,2023-10-14,30000
1006,18,2023-10-14,60000
1007,65,2023-10-15,40000
1008,46,2023-10-15,130000
1009,74,2023-10-15,10000
1010,70,2023-10-15,240000
1011,51,2023-10-15,150000
1012,79,2023-10-16,60000
1013,3,2023-10-16,95000
1014,5,2023-10-17,70000
1015,77,2023-10-17,10000
1016,48,2023-10-17,80000
1017,42,2023-10-17,10000
1018,32,2023-10-17,250000
1019,25,2023-10-18,10000
1020,18,2023-10-18,5000
1021,65,2023-10-18,10000
1022,44,2023-10-18,50000
1023,3,2023-10-18,205000
1024,91,2023-10-19,5000
1025,94,2023-10-19,35000
1026,2,2023-10-19,60000
1027,21,2023-10-19,75000
1028,25,2023-10-20,30000
1029,51,2023-10-20,10000
1030,25,2023-10-20,120000
1031,5,2023-10-20,15000
1032,53,2023-10-20,280000
1033,39,2023-10-21,120000
1034,47,2023-10-21,40000
1035,77,2023-10-22,130000
1036,82,2023-10-22,120000
1037,69,2023-10-22,130000
1038,21,2023-10-23,25000
1039,58,2023-10-23,25000
1040,33,2023-10-24,100000
1041,34,2023-10-24,120000
1042,85,2023-10-24,135000
1043,12,2023-10-25,100000
1044,66,2023-10-25,50000
1045,3,2023-10-25,65000
1046,47,2023-10-25,90000
1047,59,2023-10-25,130000
1048,59,2023-10-26,50000
1049,20,2023-10-26,65000
1050,31,2023-10-27,120000
1051,87,2023-10-27,170000
1052,2,2023-10-27,190000
1053,29,2023-10-27,185000
1054,76,2023-10-28,55000
1055,83,2023-10-28,25000
1056,35,2023-10-28,5000
1057,72,2023-10-28,155000
1058,23,2023-10-29,10000
1059,14,2023-10-29,45000
1060,88,2023-10-29,120000
1061,47,2023-10-29,140000
1062,71,2023-10-30,220000
1063,82,2023-10-30,70000
1064,97,2023-10-30,60000
1065,63,2023-10-30,140000
1066,78,2023-10-30,120000
1067,25,2023-10-31,250000
1068,11,2023-10-31,155000
1069,82,2023-10-31,20000
1070,78,2023-11-01,25000
1071,80,2023-11-01,140000
1072,33,2023-11-01,80000
1073,48,2023-11-01,110000
1074,2,2023-11-01,5000
1075,98,2023-11-02,100000
1076,27,2023-11-02,10000
1077,32,2023-11-02,5000
1078,98,2023-11-03,50000
1079,71,2023-11-03,140000
1080,46,2023-11-03,35000
1081,37,2023-11-04,205000
1082,80,2023-11-04,20000
1083,93,2023-11-04,20000
1084,6,2023-11-05,65000
1085,67,2023-11-05,80000
1086,78,2023-11-05,130000
1087,87,2023-11-06,110000
1088,55,2023-11-06,195000
1089,36,2023-11-06,20000
1090,31,2023-11-06,5000
1091,79,2023-11-07,60000
1092,73,2023-11-07,55000
1093,54,2023-11-07,25000
1094,99,2023-11-07,135000
1095,8,2023-11-07,50000
1096,42,2023-11-08,125000
1097,64,2023-11-08,120000
1098,100,2023-11-09,35000
1099,12,2023-11-09,10000
1100,43,2023-11-10,200000
1101,90,2023-11-10,160000
1102,20,2023-11-10,5000
1103,80,2023-11-11,180000
1104,37,2023-11-11,170000
1105,34,2023-11-12,130000
1106,7,2023-11-12,65000
1107,30,2023-11-12,10000
1108,18,2023-11-12,50000
1109,59,2023-11-12,50000
1110,11,2023-11-13,70000
1111,17,2023-11-13,25000
1112,64,2023-11-13,300000
1113,12,2023-11-14,60000
1114,1,2023-11-14,50000
1115,55,2023-11-15,60000
1116,93,2023-11-15,100000
1117,35,2023-11-15,70000
1118,71,2023-11-15,65000
1119,68,2023-11-15,115000
1120,77,2023-11-16,20000
1121,88,2023-11-16,80000
1122,29,2023-11-16,70000
1123,71,2023-11-16,25000
1124,6,2023-11-16,25000
1125,67,2023-11-17,25000
1126,36,2023-11-17,10000
1127,25,2023-11-17,70000
1128,77,2023-11-17,110000
1129,14,2023-11-17,10000
1130,84,2023-11-18,25000
1131,97,2023-11-18,180000
1132,91,2023-11-18,20000
1133,27,2023-11-18,60000
1134,63,2023-11-18,60000
1135,12,2023-11-19,5000
1136,85,2023-11-19,25000
1137,98,2023-11-19,145000
1138,58,2023-11-20,20000
1139,6,2023-11-20,30000
1140,51,2023-11-20,45000
1141,36,2023-11-20,60000
1142,36,2023-11-21,90000
1143,60,2023-11-21,15000
1144,63,2023-11-21,50000
1145,18,2023-11-21,80000
1146,38,2023-11-22,15000
1147,85,2023-11-22,10000
1148,12,2023-11-22,80000
1149,36,2023-11-22,25000
1150,24,2023-11-23,120000
1151,80,2023-11-23,30000
1152,37,2023-11-23,40000
1153,28,2023-11-23,120000
1154,59,2023-11-23,240000
1155,1,2023-11-24,60000
1156,30,2023-11-24,120000
1157,40,2023-11-24,50000
1158,22,2023-11-24,60000
1159,7,2023-11-25,25000
1160,83,2023-11-25,170000
1161,61,2023-11-25,5000
1162,60,2023-11-26,30000
1163,89,2023-11-26,10000
1164,66,2023-11-26,10000
1165,35,2023-11-26,5000
1166,42,2023-11-26,25000
1167,69,2023-11-27,60000
1168,87,2023-11-27,75000
1169,49,2023-11-28,5000
1170,98,2023-11-28,40000
1171,36,2023-11-29,120000
1172,85,2023-11-29,180000
1173,29,2023-11-29,75000
1174,61,2023-11-29,30000
1175,61,2023-11-29,55000
1176,23,2023-11-30,50000
1177,13,2023-11-30,65000
1178,81,2023-11-30,30000
1179,75,2023-11-30,10000
1180,54,2023-12-01,110000
1181,74,2023-12-01,240000
1182,16,2023-12-01,20000
1183,53,2023-12-01,25000
1184,43,2023-12-01,40000
1185,26,2023-12-02,80000
1186,61,2023-12-02,65000
1187,51,2023-12-02,5000
1188,30,2023-12-03,60000
1189,26,2023-12-03,70000
1190,47,2023-12-03,10000
1191,73,2023-12-03,25000
1192,85,2023-12-03,130000
1193,28,2023-12-04,50000
1194,55,2023-12-04,85000
1195,41,2023-12-04,165000
1196,58,2023-12-04,30000
1197,86,2023-12-04,20000
1198,62,2023-12-05,45000
1199,75,2023-12-05,115000
1200,4,2023-12-06,10000
1201,77,2023-12-06,105000
1202,86,2023-12-07,10000
1203,84,2023-12-07,210000
1204,66,2023-12-07,120000
1205,12,2023-12-08,30000
1206,51,2023-12-08,50000
1207,23,2023-12-08,60000
1208,46,2023-12-08,90000
1209,52,2023-12-09,70000
1210,46,2023-12-09,5000
1211,61,2023-12-10,60000
1212,61,2023-12-10,165000
1213,10,2023-12-10,25000
1214,57,2023-12-10,55000
1215,76,2023-12-11,35000
1216,2,2023-12-11,80000
1217,65,2023-12-11,50000
1218,43,2023-12-11,50000
1219,75,2023-12-12,125000
1220,12,2023-12-12,5000
1221,50,2023-12-12,70000
1222,81,2023-12-12,25000
1223,99,2023-12-12,90000
1224,16,2023-12-13,190000
1225,34,2023-12-13,15000
1226,93,2023-12-14,60000
1227,90,2023-12-14,120000
1228,79,2023-12-14,60000
1229,24,2023-12-14,50000
1230,10,2023-12-15,10000
1231,28,2023-12-15,10000
1232,63,2023-12-15,20000
1233,38,2023-12-15,75000
1234,7,2023-12-16,20000
1235,37,2023-12-16,70000
1236,92,2023-12-16,170000
1237,16,2023-12-16,50000
1238,72,2023-12-17,30000
1239,9,2023-12-17,195000
1240,96,2023-12-17,120000
1241,85,2023-12-18,50000
1242,95,2023-12-18,60000
1243,78,2023-12-18,180000
1244,51,2023-12-19,50000
1245,59,2023-12-19,65000
1246,19,2023-12-19,10000
1247,26,2023-12-19,120000
1248,100,2023-12-19,65000
1249,74,2023-12-20,50000
1250,89,2023-12-20,60000
1251,27,2023-12-20,20000
1252,3,2023-12-20,145000
1253,10,2023-12-20,10000
1254,83,2023-12-21,55000
1255,100,2023-12-21,55000
1256,11,2023-12-21,120000
1257,93,2023-12-21,40000
1258,43,2023-12-22,10000
1259,73,2023-12-22,230000
1260,64,2023-12-22,115000
1261,4,2023-12-23,50000
1262,86,2023-12-23,205000
1263,70,2023-12-24,40000
1264,56,2023-12-24,105000
1265,32,2023-12-24,160000
1266,21,2023-12-24,25000
1267,25,2023-12-25,55000
1268,57,2023-12-25,50000
1269,65,2023-12-25,20000
1270,1,2023-12-26,55000
1271,2,2023-12-26,40000
1272,61,2023-12-27,20000
1273,57,2023-12-27,40000
1274,80,2023-12-27,220000
1275,73,2023-12-27,70000
1276,51,2023-12-27,185000
1277,53,2023-12-28,40000
1278,7,2023-12-28,110000
1279,30,2023-12-28,40000
1280,80,2023-12-28,20000
1281,81,2023-12-29,40000
1282,63,2023-12-29,50000
1283,17,2023-12-29,35000
1284,2,2023-12-30,145000
1285,88,2023-12-30,115000
1286,87,2023-12-30,25000
1287,33,2023-12-30,65000
1288,92,2023-12-31,25000
1289,90,2023-12-31,55000
1290,54,2023-12-31,130000
1291,57,2024-01-01,60000
1292,45,2024-01-01,50000
1293,82,2024-01-01,155000
1294,28,2024-01-01,50000
1295,17,2024-01-02,145000
1296,59,2024-01-02,25000
1297,29,2024-01-02,50000
1298,90,2024-01-02,20000
1299,48,2024-01-03,55000
1300,99,2024-01-03,85000
1301,65,2024-01-03,60000
1302,78,2024-01-04,10000
1303,16,2024-01-04,40000
1304,55,2024-01-04,75000
1305,97,2024-01-05,120000
1306,41,2024-01-05,140000
1307,13,2024-01-05,20000
1308,67,2024-01-06,60000
1309,86,2024-01-06,10000
1310,18,2024-01-06,25000
1311,92,2024-01-06,120000
1312,34,2024-01-06,50000
1313,26,2024-01-07,120000
1314,90,2024-01-07,25000
1315,90,2024-01-07,120000
1316,51,2024-01-08,15000
1317,13,2024-01-08,30000
1318,33,2024-01-08,5000
1319,89,2024-01-09,120000
1320,93,2024-01-09,45000
1321,26,2024-01-10,25000
1322,97,2024-01-10,55000
1323,55,2024-01-10,120000
1324,57,2024-01-11,100000
1325,80,2024-01-11,120000
1326,19,2024-01-11,5000
1327,27,2024-01-11,50000
1328,80,2024-01-11,45000
1329,59,2024-01-12,40000
1330,25,2024-01-12,25000
1331,18,2024-01-13,5000
1332,80,2024-01-13,65000
1333,52,2024-01-14,50000
1334,91,2024-01-14,20000
1335,3,2024-01-14,95000
1336,100,2024-01-14,5000
1337,69,2024-01-14,55000
1338,54,2024-01-15,80000
1339,61,2024-01-15,100000
1340,2,2024-01-15,30000
1341,12,2024-01-15,25000
1342,7,2024-01-16,70000
1343,66,2024-01-16,75000
1344,72,2024-01-16,90000
1345,67,2024-01-16,60000
1346,40,2024-01-17,5000
1347,95,2024-01-17,70000
1348,33,2024-01-17,20000
1349,14,2024-01-17,95000
1350,78,2024-01-17,265000
1351,61,2024-01-18,60000
1352,1,2024-01-18,45000
1353,51,2024-01-19,160000
1354,85,2024-01-19,160000
1355,95,2024-01-19,100000
1356,36,2024-01-19,10000
1357,46,2024-01-20,160000
1358,13,2024-01-20,60000
1359,87,2024-01-21,40000
1360,74,2024-01-21,85000
1361,47,2024-01-21,40000
1362,60,2024-01-21,20000
1363,99,2024-01-22,20000
1364,24,2024-01-22,20000
1365,76,2024-01-22,10000
1366,30,2024-01-22,75000
1367,60,2024-01-22,30000
1368,39,2024-01-23,50000
1369,18,2024-01-23,10000
1370,99,2024-01-24,45000
1371,48,2024-01-24,85000
1372,86,2024-01-24,80000
1373,35,2024-01-25,140000
1374,41,2024-01-25,30000
1375,55,2024-01-26,25000
1376,95,2024-01-26,160000
1377,68,2024-01-26,85000
1378,93,2024-01-27,180000
1379,11,2024-01-27,85000
1380,18,2024-01-27,50000
1381,28,2024-01-27,50000
1382,87,2024-01-28,25000
1383,88,2024-01-28,60000
1384,80,2024-01-28,95000
1385,87,2024-01-28,10000
1386,71,2024-01-29,85000
1387,40,2024-01-29,60000
1388,79,2024-01-30,75000
1389,79,2024-01-30,125000
1390,74,2024-01-30,80000
1391,80,2024-01-30,100000
1392,24,2024-01-31,70000
1393,37,2024-01-31,95000
1394,41,2024-02-01,30000
1395,27,2024-02-01,30000
1396,41,2024-02-02,60000
1397,98,2024-02-02,125000
1398,93,2024-02-02,10000
1399,52,2024-02-02,10000
1400,78,2024-02-03,10000
1401,72,2024-02-03,160000
1402,3,2024-02-04,60000
1403,61,2024-02-04,60000
1404,82,2024-02-04,130000
1405,27,2024-02-04,80000
1406,95,2024-02-05,105000
1407,1,2024-02-05,80000
1408,21,2024-02-05,20000
1409,7,2024-02-05,40000
1410,98,2024-02-06,185000
1411,79,2024-02-06,55000
1412,9,2024-02-06,65000
1413,95,2024-02-06,100000
1414,75,2024-02-07,10000
1415,63,2024-02-07,120000
1416,76,2024-02-07,15000
1417,100,2024-02-08,80000
1418,81,2024-02-08,70000
1419,25,2024-02-08,30000
1420,96,2024-02-09,10000
1421,76,2024-02-09,40000
1422,68,2024-02-09,20000
1423,10,2024-02-09,80000
1424,70,2024-02-10,85000
1425,51,2024-02-10,185000
1426,41,2024-02-11,10000
1427,55,2024-02-11,75000
1428,55,2024-02-11,70000
1429,64,2024-02-11,25000
1430,56,2024-02-12,25000
1431,61,2024-02-12,60000
1432,82,2024-02-12,90000
1433,80,2024-02-13,80000
1434,81,2024-02-13,5000
1435,10,2024-02-13,150000
1436,12,2024-02-13,20000
1437,54,2024-02-13,45000
1438,59,2024-02-14,95000
1439,96,2024-02-14,10000
1440,4,2024-02-14,50000
1441,15,2024-02-15,25000
1442,3,2024-02-15,280000
1443,48,2024-02-15,50000
1444,56,2024-02-16,180000
1445,63,2024-02-16,125000
1446,75,2024-02-16,85000
1447,97,2024-02-16,170000
1448,11,2024-02-16,40000
1449,12,2024-02-17,55000
1450,40,2024-02-17,30000
1451,86,2024-02-18,75000
1452,42,2024-02-18,185000
1453,91,2024-02-18,60000
1454,72,2024-02-18,20000
1455,83,2024-02-18,40000
1456,62,2024-02-19,25000
1457,4,2024-02-19,145000
1458,90,2024-02-19,5000
1459,6,2024-02-19,70000
1460,53,2024-02-20,5000
1461,64,2024-02-20,20000
1462,98,2024-02-21,25000
1463,52,2024-02-21,140000
1464,99,2024-02-21,150000
1465,22,2024-02-21,5000
1466,6,2024-02-21,135000
1467,42,2024-02-22,100000
1468,87,2024-02-22,30000
1469,91,2024-02-22,180000
1470,96,2024-02-23,120000
1471,26,2024-02-23,170000
1472,54,2024-02-23,110000
1473,79,2024-02-23,45000
1474,97,2024-02-24,50000
1475,49,2024-02-24,85000
1476,93,2024-02-24,85000
1477,27,2024-02-24,110000
1478,59,2024-02-24,60000
1479,47,2024-02-25,10000
1480,9,2024-02-25,65000
1481,36,2024-02-25,20000
1482,27,2024-02-26,120000
1483,21,2024-02-26,25000
1484,51,2024-02-27,130000
1485,60,2024-02-27,35000
1486,71,2024-02-27,60000
1487,99,2024-02-27,175000
1488,8,2024-02-27,25000
1489,25,2024-02-28,110000
1490,14,2024-02-28,60000
1491,24,2024-02-28,60000
1492,7,2024-02-28,100000
1493,15,2024-02-28,5000
1494,15,2024-02-29,85000
1495,53,2024-02-29,80000
1496,75,2024-03-01,170000
1497,43,2024-03-01,10000
1498,26,2024-03-02,75000
1499,63,2024-03-02,150000
1500,88,2024-03-02,70000
1501,26,2024-03-02,10000
1502,10,2024-03-02,20000
1503,56,2024-03-03,5000
1504,53,2024-03-03,5000
1505,78,2024-03-04,25000
1506,1,2024-03-04,125000
1507,19,2024-03-04,65000
1508,35,2024-03-05,135000
1509,96,2024-03-05,25000
1510,98,2024-03-05,50000
1511,12,2024-03-06,120000
1512,44,2024-03-06,140000
1513,10,2024-03-06,10000
1514,59,2024-03-07,120000
1515,10,2024-03-07,125000
1516,4,2024-03-07,85000
1517,87,2024-03-07,50000
1518,17,2024-03-08,125000
1519,34,2024-03-08,60000
1520,12,2024-03-08,70000
1521,72,2024-03-08,65000
1522,79,2024-03-09,180000
1523,99,2024-03-09,70000
1524,36,2024-03-09,20000
1525,97,2024-03-09,85000
1526,13,2024-03-09,190000
1527,13,2024-03-10,50000
1528,15,2024-03-10,35000
1529,47,2024-03-10,85000
1530,63,2024-03-10,10000
1531,21,2024-03-10,110000
1532,37,2024-03-11,20000
1533,47,2024-03-11,50000
1534,12,2024-03-12,200000
1535,52,2024-03-12,75000
1536,35,2024-03-12,110000
1537,1,2024-03-13,110000
1538,50,2024-03-13,70000
1539,45,2024-03-13,110000
1540,32,2024-03-14,190000
1541,61,2024-03-14,170000
1542,18,2024-03-14,95000
1543,13,2024-03-14,40000
1544,18,2024-03-15,40000
1545,17,2024-03-15,120000
1546,37,2024-03-15,250000
1547,75,2024-03-16,30000
1548,18,2024-03-16,15000
1549,47,2024-03-16,65000
1550,58,2024-03-17,70000
1551,95,2024-03-17,50000
1552,2,2024-03-17,120000
1553,50,2024-03-17,200000
1554,56,2024-03-17,125000
1555,96,2024-03-18,10000
1556,89,2024-03-18,190000
1557,23,2024-03-19,180000
1558,63,2024-03-19,160000
1559,34,2024-03-20,170000
1560,95,2024-03-20,60000
1561,62,2024-03-21,10000
1562,37,2024-03-21,120000
1563,5,2024-03-21,145000
1564,53,2024-03-21,25000
1565,9,2024-03-21,75000
1566,20,2024-03-22,20000
1567,8,2024-03-22,50000
1568,74,2024-03-23,105000
1569,64,2024-03-23,120000
1570,63,2024-03-23,50000
1571,13,2024-03-23,45000
1572,79,2024-03-23,45000
1573,33,2024-03-24,45000
1574,27,2024-03-24,20000
1575,51,2024-03-24,185000
1576,71,2024-03-24,170000
1577,50,2024-03-25,80000
1578,8,2024-03-25,120000
1579,44,2024-03-25,60000
1580,92,2024-03-26,180000
1581,40,2024-03-26,95000
1582,15,2024-03-26,120000
1583,70,2024-03-27,70000
1584,81,2024-03-27,195000
1585,97,2024-03-27,10000
1586,45,2024-03-27,75000
1587,5,2024-03-27,95000
1588,22,2024-03-28,120000
1589,70,2024-03-28,30000
1590,60,2024-03-28,140000
1591,59,2024-03-28,100000
1592,10,2024-03-29,200000
1593,97,2024-03-29,250000
1594,69,2024-03-29,100000
1595,2,2024-03-29,70000
1596,45,2024-03-30,80000
1597,78,2024-03-30,65000
1598,100,2024-03-30,95000
1599,15,2024-03-30,85000
1600,34,2024-03-30,5000
1601,77,2024-03-31,10000
1602,63,2024-03-31,160000
1603,46,2024-04-01,5000
1604,36,2024-04-01,25000
1605,86,2024-04-01,120000
1606,24,2024-04-01,175000
1607,54,2024-04-02,75000
1608,28,2024-04-02,230000
1609,13,2024-04-02,125000
1610,60,2024-04-02,10000
1611,89,2024-04-02,195000
1612,27,2024-04-03,60000
1613,93,2024-04-03,130000
1614,14,2024-04-03,65000
1615,56,2024-04-03,50000
1616,80,2024-04-04,40000
1617,62,2024-04-04,40000
1618,29,2024-04-04,50000
1619,82,2024-04-05,5000
1620,69,2024-04-05,40000
1621,76,2024-04-05,25000
1622,27,2024-04-05,165000
1623,37,2024-04-06,35000
1624,63,2024-04-06,25000
1625,52,2024-04-06,140000
1626,81,2024-04-06,125000
1627,33,2024-04-06,95000
1628,43,2024-04-07,50000
1629,3,2024-04-07,75000
1630,16,2024-04-07,190000
1631,59,2024-04-08,65000
1632,38,2024-04-08,60000
1633,66,2024-04-08,130000
1634,77,2024-04-08,45000
1635,9,2024-04-08,180000
1636,85,2024-04-09,5000
1637,57,2024-04-09,140000
1638,42,2024-04-09,125000
1639,21,2024-04-09,60000
1640,57,2024-04-10,20000
1641,48,2024-04-10,10000
1642,94,2024-04-10,65000
1643,49,2024-04-11,10000
1644,59,2024-04-11,120000
1645,5,2024-04-11,30000
1646,45,2024-04-11,130000
1647,63,2024-04-11,125000
1648,26,2024-04-12,125000
1649,91,2024-04-12,20000
1650,21,2024-04-12,95000
1651,9,2024-04-12,55000
1652,22,2024-04-12,20000
1653,80,2024-04-13,25000
1654,9,2024-04-13,40000
1655,48,2024-04-13,135000
1656,69,2024-04-13,60000
1657,49,2024-04-13,160000
1658,12,2024-04-14,5000
1659,7,2024-04-14,45000
1660,48,2024-04-14,55000
1661,13,2024-04-15,120000
1662,57,2024-04-15,145000
1663,48,2024-04-15,50000
1664,9,2024-04-16,195000
1665,63,2024-04-16,120000
1666,76,2024-04-16,150000
1667,42,2024-04-16,140000
1668,31,2024-04-17,40000
1669,90,2024-04-17,120000
1670,59,2024-04-18,135000
1671,18,2024-04-18,50000
1672,77,2024-04-19,240000
1673,24,2024-04-19,120000
1674,18,2024-04-20,10000
1675,30,2024-04-20,15000
1676,68,2024-04-20,125000
1677,52,2024-04-20,80000
1678,27,2024-04-20,10000
1679,38,2024-04-21,15000
1680,13,2024-04-21,50000
1681,48,2024-04-21,65000
1682,79,2024-04-22,100000
1683,77,2024-04-22,50000
1684,66,2024-04-22,70000
1685,97,2024-04-23,60000
1686,53,2024-04-23,210000
1687,86,2024-04-23,40000
1688,91,2024-04-23,20000
1689,70,2024-04-24,50000
1690,86,2024-04-24,40000
1691,30,2024-04-24,35000
1692,90,2024-04-24,25000
1693,14,2024-04-25,55000
1694,33,2024-04-25,185000
1695,24,2024-04-25,60000
1696,17,2024-04-25,60000
1697,71,2024-04-26,5000
1698,74,2024-04-26,50000
1699,57,2024-04-26,45000
1700,19,2024-04-26,75000
1701,72,2024-04-26,145000
1702,78,2024-04-27,185000
1703,67,2024-04-27,140000
1704,53,2024-04-27,50000
1705,41,2024-04-28,140000
1706,34,2024-04-28,5000
1707,71,2024-04-28,85000
1708,92,2024-04-28,45000
1709,84,2024-04-29,60000
1710,9,2024-04-29,85000
1711,36,2024-04-30,40000
1712,4,2024-04-30,25000
1713,13,2024-04-30,130000
1714,27,2024-04-30,60000
1715,100,2024-05-01,85000
1716,18,2024-05-01,80000
1717,28,2024-05-01,5000
1718,13,2024-05-02,50000
1719,64,2024-05-02,155000
1720,55,2024-05-02,70000
1721,79,2024-05-02,60000
1722,33,2024-05-02,60000
1723,37,2024-05-03,145000
1724,18,2024-05-03,120000
1725,77,2024-05-04,140000
1726,86,2024-05-04,60000
1727,90,2024-05-04,100000
1728,80,2024-05-05,10000
1729,28,2024-05-05,20000
1730,47,2024-05-05,45000
1731,54,2024-05-06,110000
1732,58,2024-05-06,110000
1733,32,2024-05-07,20000
1734,57,2024-05-07,125000
1735,48,2024-05-07,115000
1736,30,2024-05-07,5000
1737,78,2024-05-07,40000
1738,13,2024-05-08,160000
1739,47,2024-05-08,240000
1740,61,2024-05-08,160000
1741,38,2024-05-08,40000
1742,61,2024-05-08,100000
1743,37,2024-05-09,180000
1744,84,2024-05-09,140000
1745,64,2024-05-09,70000
1746,70,2024-05-09,5000
1747,57,2024-05-10,50000
1748,36,2024-05-10,80000
1749,81,2024-05-10,95000
1750,56,2024-05-11,80000
1751,8,2024-05-11,180000
1752,27,2024-05-11,65000
1753,84,2024-05-11,70000
1754,95,2024-05-12,140000
1755,84,2024-05-12,170000
1756,17,2024-05-12,5000
1757,50,2024-05-13,115000
1758,45,2024-05-13,120000
1759,86,2024-05-14,155000
1760,25,2024-05-14,175000
1761,62,2024-05-14,120000
1762,73,2024-05-14,75000
1763,23,2024-05-14,145000
1764,52,2024-05-15,75000
1765,78,2024-05-15,70000
1766,40,2024-05-15,35000
1767,78,2024-05-15,60000
1768,100,2024-05-16,60000
1769,88,2024-05-16,55000
1770,27,2024-05-17,20000
1771,15,2024-05-17,40000
1772,16,2024-05-17,195000
1773,49,2024-05-18,75000
1774,70,2024-05-18,85000
1775,38,2024-05-18,130000
1776,39,2024-05-18,165000
1777,8,2024-05-19,25000
1778,27,2024-05-19,240000
1779,41,2024-05-19,110000
1780,7,2024-05-19,40000
1781,84,2024-05-19,20000
1782,3,2024-05-20,50000
1783,86,2024-05-20,20000
1784,50,2024-05-20,50000
1785,47,2024-05-21,135000
1786,7,2024-05-21,65000
1787,31,2024-05-21,20000
1788,13,2024-05-21,60000
1789,24,2024-05-22,120000
1790,9,2024-05-22,145000
1791,13,2024-05-23,110000
1792,90,2024-05-23,125000
1793,58,2024-05-23,10000
1794,91,2024-05-23,10000
1795,92,2024-05-23,10000
1796,72,2024-05-24,120000
1797,78,2024-05-24,100000
1798,66,2024-05-25,60000
1799,28,2024-05-25,60000
1800,70,2024-05-25,80000
1801,13,2024-05-26,70000
1802,40,2024-05-26,165000
1803,78,2024-05-26,160000
1804,65,2024-05-26,10000
1805,13,2024-05-27,20000
1806,6,2024-05-27,180000
1807,88,2024-05-27,90000
1808,78,2024-05-27,25000
1809,26,2024-05-27,145000
1810,33,2024-05-28,60000
1811,28,2024-05-28,170000
1812,41,2024-05-28,125000
1813,2,2024-05-28,120000
1814,43,2024-05-28,120000
1815,85,2024-05-29,25000
1816,73,2024-05-29,40000
1817,98,2024-05-30,90000
1818,57,2024-05-30,135000
1819,47,2024-05-30,60000
1820,65,2024-05-30,20000
1821,36,2024-05-30,75000
1822,59,2024-05-31,130000
1823,34,2024-05-31,60000
1824,59,2024-05-31,30000
1825,41,2024-05-31,45000
1826,98,2024-05-31,65000
1827,37,2024-06-01,40000
1828,33,2024-06-01,245000
1829,90,2024-06-02,10000
1830,19,2024-06-02,25000
1831,43,2024-06-02,10000
1832,8,2024-06-03,80000
1833,84,2024-06-03,5000
1834,98,2024-06-03,10000
1835,68,2024-06-04,30000
1836,80,2024-06-04,55000
1837,69,2024-06-05,60000
1838,26,2024-06-05,140000
1839,91,2024-06-06,20000
1840,60,2024-06-06,125000
1841,17,2024-06-06,5000
1842,37,2024-06-06,170000
1843,3,2024-06-06,90000
1844,87,2024-06-07,250000
1845,20,2024-06-07,40000
1846,77,2024-06-07,240000
1847,21,2024-06-08,130000
1848,71,2024-06-08,20000
1849,37,2024-06-08,100000
1850,6,2024-06-08,145000
1851,2,2024-06-08,60000
1852,79,2024-06-09,170000
1853,55,2024-06-09,25000
1854,9,2024-06-09,10000
1855,88,2024-06-10,130000
1856,80,2024-06-10,250000
1857,79,2024-06-11,40000
1858,92,2024-06-11,20000
1859,41,2024-06-11,165000
1860,41,2024-06-11,30000
1861,52,2024-06-12,200000
1862,77,2024-06-12,110000
1863,27,2024-06-12,50000
1864,7,2024-06-12,75000
1865,81,2024-06-12,70000
1866,60,2024-06-13,65000
1867,56,2024-06-13,70000
1868,62,2024-06-13,120000
1869,99,2024-06-13,20000
1870,91,2024-06-13,60000
1871,56,2024-06-14,90000
1872,82,2024-06-14,80000
1873,88,2024-06-14,10000
1874,16,2024-06-15,10000
1875,89,2024-06-15,10000
1876,52,2024-06-16,80000
1877,70,2024-06-16,205000
1878,80,2024-06-16,5000
1879,19,2024-06-16,40000
1880,53,2024-06-17,25000
1881,71,2024-06-17,50000
1882,2,2024-06-18,210000
1883,15,2024-06-18,185000
1884,75,2024-06-18,120000
1885,84,2024-06-19,80000
1886,65,2024-06-19,50000
1887,53,2024-06-20,120000
1888,12,2024-06-20,140000
1889,37,2024-06-20,110000
1890,20,2024-06-21,80000
1891,26,2024-06-21,45000
1892,14,2024-06-21,40000
1893,14,2024-06-21,50000
1894,69,2024-06-21,50000
1895,50,2024-06-22,20000
1896,5,2024-06-22,50000
1897,96,2024-06-22,150000
1898,18,2024-06-22,120000
1899,58,2024-06-23,85000
1900,85,2024-06-23,70000
1901,52,2024-06-23,65000
1902,61,2024-06-24,60000
1903,88,2024-06-24,40000
1904,82,2024-06-24,115000
1905,87,2024-06-25,25000
1906,75,2024-06-25,10000
1907,44,2024-06-26,160000
1908,2,2024-06-26,60000
1909,35,2024-06-26,145000
1910,7,2024-06-27,30000
1911,9,2024-06-27,75000
1912,75,2024-06-28,170000
1913,74,2024-06-28,125000
1914,20,2024-06-28,240000
1915,38,2024-06-28,90000
1916,52,2024-06-29,100000
1917,95,2024-06-29,75000
1918,7,2024-06-29,50000
1919,63,2024-06-30,130000
1920,58,2024-06-30,20000
1921,10,2024-06-30,60000
1922,96,2024-06-30,170000
1923,67,2024-07-01,5000
1924,79,2024-07-01,20000
1925,63,2024-07-02,50000
1926,44,2024-07-02,70000
1927,42,2024-07-02,80000
1928,8,2024-07-02,10000
1929,33,2024-07-02,120000
1930,36,2024-07-03,10000
1931,17,2024-07-03,90000
1932,53,2024-07-03,60000
1933,32,2024-07-04,120000
1934,98,2024-07-04,65000
1935,63,2024-07-05,80000
1936,98,2024-07-05,115000
1937,67,2024-07-05,90000
1938,31,2024-07-05,145000
1939,97,2024-07-06,80000
1940,96,2024-07-06,50000
1941,51,2024-07-06,25000
1942,6,2024-07-07,10000
1943,65,2024-07-07,70000
1944,20,2024-07-07,40000
1945,96,2024-07-08,100000
1946,78,2024-07-08,5000
1947,44,2024-07-08,130000
1948,79,2024-07-08,50000
1949,45,2024-07-08,50000
1950,67,2024-07-09,145000
1951,79,2024-07-09,125000
1952,42,2024-07-09,120000
1953,73,2024-07-09,65000
1954,30,2024-07-09,70000
1955,4,2024-07-10,40000
1956,47,2024-07-10,10000
1957,47,2024-07-10,60000
1958,69,2024-07-10,110000
1959,82,2024-07-10,30000
1960,21,2024-07-11,60000
1961,90,2024-07-11,245000
1962,91,2024-07-11,25000
1963,45,2024-07-11,205000
1964,62,2024-07-11,5000
1965,38,2024-07-12,135000
1966,81,2024-07-12,100000
1967,19,2024-07-13,70000
1968,39,2024-07-13,60000
1969,79,2024-07-13,280000
1970,32,2024-07-13,240000
1971,22,2024-07-13,5000
1972,82,2024-07-14,85000
1973,32,2024-07-14,60000
1974,8,2024-07-14,100000
1975,18,2024-07-14,55000
1976,98,2024-07-15,35000
1977,38,2024-07-15,150000
1978,34,2024-07-15,245000
1979,75,2024-07-15,65000
1980,49,2024-07-15,195000
1981,58,2024-07-16,125000
1982,78,2024-07-16,40000
1983,50,2024-07-16,80000
1984,29,2024-07-17,70000
1985,83,2024-07-17,60000
1986,31,2024-07-17,30000
1987,87,2024-07-17,40000
1988,100,2024-07-18,145000
1989,68,2024-07-18,40000
1990,7,2024-07-18,120000
1991,85,2024-07-18,135000
1992,61,2024-07-19,80000
1993,64,2024-07-19,150000
1994,67,2024-07-20,5000
1995,89,2024-07-20,20000
1996,20,2024-07-20,30000
1997,89,2024-07-20,20000
1998,87,2024-07-21,120000
1999,48,2024-07-21,70000
2000,13,2024-07-22,60000
2001,75,2024-07-22,200000
2002,29,2024-07-22,55000
2003,18,2024-07-22,65000
2004,54,2024-07-22,140000
2005,23,2024-07-23,175000
2006,36,2024-07-23,50000
2007,100,2024-07-23,140000
2008,15,2024-07-23,10000
2009,45,2024-07-24,50000
2010,24,2024-07-24,100000
2011,5,2024-07-24,90000
2012,9,2024-07-24,95000
2013,95,2024-07-24,15000
2014,47,2024-07-25,20000
2015,81,2024-07-25,130000
2016,28,2024-07-25,70000
2017,52,2024-07-25,30000
2018,72,2024-07-26,200000
2019,55,2024-07-26,60000
2020,34,2024-07-26,40000
2021,32,2024-07-27,100000
2022,64,2024-07-27,180000
2023,63,2024-07-27,60000
2024,46,2024-07-27,120000
2025,97,2024-07-27,120000
2026,76,2024-07-28,20000
2027,1,2024-07-28,70000
2028,74,2024-07-28,20000
2029,83,2024-07-29,30000
2030,95,2024-07-29,5000
2031,15,2024-07-29,165000
2032,51,2024-07-30,55000
2033,59,2024-07-30,60000
2034,66,2024-07-31,35000
2035,25,2024-07-31,25000
2036,37,2024-08-01,75000
2037,87,2024-08-01,65000
2038,94,2024-08-01,15000
2039,99,2024-08-01,120000
2040,75,2024-08-01,25000
2041,98,2024-08-02,40000
2042,26,2024-08-02,30000
2043,53,2024-08-02,50000
2044,6,2024-08-03,115000
2045,82,2024-08-03,20000
2046,60,2024-08-04,80000
2047,48,2024-08-04,115000
2048,18,2024-08-04,170000
2049,43,2024-08-04,120000
2050,69,2024-08-05,280000
2051,23,2024-08-05,100000
2052,33,2024-08-05,45000
2053,59,2024-08-05,130000
2054,87,2024-08-06,65000
2055,29,2024-08-06,90000
2056,40,2024-08-06,10000
2057,100,2024-08-06,40000
2058,87,2024-08-06,95000
2059,18,2024-08-07,180000
2060,7,2024-08-07,5000
2061,25,2024-08-07,25000
2062,84,2024-08-08,190000
2063,79,2024-08-08,65000
2064,61,2024-08-08,10000
2065,13,2024-08-08,120000
2066,23,2024-08-08,40000
2067,16,2024-08-09,115000
2068,81,2024-08-09,60000
2069,46,2024-08-09,75000
2070,79,2024-08-09,105000
2071,26,2024-08-09,125000
2072,52,2024-08-10,15000
2073,48,2024-08-10,65000
2074,12,2024-08-10,150000
2075,42,2024-08-10,175000
2076,24,2024-08-10,165000
2077,76,2024-08-11,110000
2078,86,2024-08-11,60000
2079,3,2024-08-11,125000
2080,69,2024-08-12,50000
2081,59,2024-08-12,120000
2082,88,2024-08-12,20000
2083,66,2024-08-12,25000
2084,85,2024-08-13,50000
2085,95,2024-08-13,130000
2086,5,2024-08-14,135000
2087,50,2024-08-14,65000
2088,65,2024-08-14,95000
2089,77,2024-08-14,115000
2090,23,2024-08-14,180000
2091,6,2024-08-15,80000
2092,1,2024-08-15,140000
2093,32,2024-08-15,50000
2094,3,2024-08-15,110000
2095,63,2024-08-16,140000
2096,60,2024-08-16,40000
2097,26,2024-08-17,30000
2098,18,2024-08-17,140000
2099,39,2024-08-17,210000
2100,81,2024-08-18,55000
2101,74,2024-08-18,10000
2102,6,2024-08-18,30000
2103,90,2024-08-19,90000
2104,34,2024-08-19,90000
2105,39,2024-08-19,20000
2106,91,2024-08-19,100000
2107,62,2024-08-19,120000
2108,62,2024-08-20,210000
2109,8,2024-08-20,5000
2110,62,2024-08-20,60000
2111,12,2024-08-20,55000
2112,49,2024-08-21,40000
2113,21,2024-08-21,65000
2114,86,2024-08-21,180000
2115,46,2024-08-21,40000
2116,5,2024-08-21,120000
2117,56,2024-08-22,75000
2118,4,2024-08-22,20000
2119,58,2024-08-22,25000
2120,29,2024-08-22,70000
2121,77,2024-08-23,45000
2122,8,2024-08-23,50000
2123,81,2024-08-24,230000
2124,3,2024-08-24,85000
2125,62,2024-08-25,30000
2126,89,2024-08-25,45000
2127,93,2024-08-25,200000
2128,14,2024-08-26,50000
2129,6,2024-08-26,25000
2130,63,2024-08-26,25000
2131,21,2024-08-26,40000
2132,94,2024-08-26,35000
2133,99,2024-08-27,65000
2134,86,2024-08-27,55000
2135,14,2024-08-27,50000
2136,51,2024-08-28,240000
2137,64,2024-08-28,45000
2138,74,2024-08-28,160000
2139,15,2024-08-28,5000
2140,88,2024-08-29,120000
2141,15,2024-08-29,180000
2142,8,2024-08-29,160000
2143,79,2024-08-29,50000
2144,5,2024-08-29,140000
2145,64,2024-08-30,145000
2146,52,2024-08-30,180000
2147,19,2024-08-30,165000
2148,33,2024-08-30,75000
2149,42,2024-08-30,240000
2150,8,2024-08-31,60000
2151,15,2024-08-31,30000
2152,5,2024-09-01,5000
2153,48,2024-09-01,120000
2154,70,2024-09-02,50000
2155,15,2024-09-02,40000
2156,43,2024-09-02,5000
2157,71,2024-09-02,60000
2158,14,2024-09-03,75000
2159,36,2024-09-03,125000
2160,63,2024-09-04,15000
2161,61,2024-09-04,25000
2162,24,2024-09-04,60000
2163,10,2024-09-04,50000
2164,11,2024-09-04,80000
2165,62,2024-09-05,35000
2166,31,2024-09-05,10000
2167,56,2024-09-05,120000
2168,50,2024-09-05,105000
2169,56,2024-09-05,240000
2170,87,2024-09-06,5000
2171,95,2024-09-06,35000
2172,54,2024-09-06,250000
2173,55,2024-09-06,45000
2174,84,2024-09-06,130000
2175,53,2024-09-07,70000
2176,69,2024-09-07,85000
2177,24,2024-09-08,40000
2178,50,2024-09-08,60000
2179,54,2024-09-08,5000
2180,100,2024-09-09,20000
2181,69,2024-09-09,40000
2182,77,2024-09-10,20000
2183,45,2024-09-10,155000
2184,37,2024-09-10,25000
2185,95,2024-09-11,90000
2186,37,2024-09-11,50000
2187,83,2024-09-11,55000
2188,14,2024-09-11,140000
2189,57,2024-09-11,35000
2190,53,2024-09-12,110000
2191,3,2024-09-12,5000
2192,42,2024-09-12,150000
2193,60,2024-09-13,60000
2194,4,2024-09-13,35000
2195,27,2024-09-13,180000
2196,21,2024-09-13,200000
2197,73,2024-09-14,145000
2198,96,2024-09-14,60000
2199,94,2024-09-14,75000
2200,42,2024-09-14,70000
2201,50,2024-09-14,15000
2202,52,2024-09-15,115000
2203,39,2024-09-15,50000
2204,70,2024-09-16,50000
2205,81,2024-09-16,75000
2206,70,2024-09-16,60000
2207,15,2024-09-16,70000
2208,44,2024-09-16,165000
2209,72,2024-09-17,145000
2210,33,2024-09-17,50000
2211,91,2024-09-17,180000
2212,81,2024-09-17,160000
2213,57,2024-09-17,150000
2214,32,2024-09-18,95000
2215,27,2024-09-18,150000
2216,46,2024-09-18,80000
2217,100,2024-09-18,5000
2218,98,2024-09-19,25000
2219,69,2024-09-19,120000
2220,1,2024-09-19,40000
2221,93,2024-09-19,65000
2222,90,2024-09-19,30000
2223,17,2024-09-20,105000
2224,69,2024-09-20,135000
2225,97,2024-09-20,40000
2226,56,2024-09-20,120000
2227,45,2024-09-21,110000
2228,5,2024-09-21,65000
2229,17,2024-09-21,170000
2230,70,2024-09-22,125000
2231,78,2024-09-22,70000
2232,83,2024-09-22,50000
2233,72,2024-09-22,25000
2234,31,2024-09-22,80000
2235,63,2024-09-23,10000
2236,18,2024-09-23,170000
2237,8,2024-09-23,25000
2238,31,2024-09-23,80000
2239,84,2024-09-24,120000
2240,4,2024-09-24,50000
2241,74,2024-09-25,120000
2242,19,2024-09-25,10000
2243,55,2024-09-25,140000
2244,79,2024-09-25,145000
2245,44,2024-09-26,90000
2246,9,2024-09-26,50000
2247,19,2024-09-27,65000
2248,23,2024-09-27,100000
2249,64,2024-09-27,80000
2250,72,2024-09-27,10000
2251,25,2024-09-28,70000
2252,77,2024-09-28,95000
2253,23,2024-09-29,45000
2254,46,2024-09-29,65000
2255,49,2024-09-29,40000
2256,92,2024-09-30,5000
2257,21,2024-09-30,50000
2258,31,2024-09-30,80000
2259,38,2024-09-30,260000
2260,99,2024-09-30,20000
2261,4,2024-10-01,10000
2262,67,2024-10-01,125000
2263,48,2024-10-01,50000
2264,30,2024-10-01,25000
2265,19,2024-10-01,80000
2266,20,2024-10-02,70000
2267,65,2024-10-02,40000
2268,52,2024-10-02,110000
2269,30,2024-10-03,25000
2270,89,2024-10-03,140000
2271,67,2024-10-03,100000
2272,36,2024-10-03,10000
2273,63,2024-10-03,20000
2274,15,2024-10-04,85000
2275,58,2024-10-04,85000
2276,94,2024-10-04,130000
2277,50,2024-10-05,60000
2278,23,2024-10-05,60000
2279,2,2024-10-05,25000
2280,68,2024-10-05,40000
2281,35,2024-10-06,125000
2282,48,2024-10-06,45000
2283,63,2024-10-06,120000
2284,24,2024-10-06,190000
2285,68,2024-10-07,55000
2286,13,2024-10-07,120000
2287,79,2024-10-08,45000
2288,99,2024-10-08,10000
2289,54,2024-10-08,180000
2290,56,2024-10-08,175000
2291,13,2024-10-09,10000
2292,29,2024-10-09,65000
2293,38,2024-10-09,15000
2294,54,2024-10-10,70000
2295,75,2024-10-10,60000
2296,65,2024-10-11,60000
2297,3,2024-10-11,50000
2298,19,2024-10-11,30000
2299,41,2024-10-12,110000
2300,2,2024-10-12,150000
2301,67,2024-10-13,80000
2302,66,2024-10-13,35000
2303,100,2024-10-13,35000
2304,17,2024-10-13,65000
2305,81,2024-10-13,180000
2306,82,2024-10-14,120000
2307,9,2024-10-14,125000
2308,99,2024-10-14,140000
2309,63,2024-10-14,70000
2310,77,2024-10-15,40000
2311,14,2024-10-15,25000
2312,86,2024-10-15,180000
2313,72,2024-10-16,120000
2314,42,2024-10-16,10000
2315,38,2024-10-16,140000
2316,66,2024-10-17,60000
2317,85,2024-10-17,40000
2318,2,2024-10-17,50000
2319,48,2024-10-18,5000
2320,90,2024-10-18,40000
2321,67,2024-10-18,20000
2322,93,2024-10-18,70000
2323,73,2024-10-18,110000
2324,19,2024-10-19,160000
2325,77,2024-10-19,105000
2326,75,2024-10-20,125000
2327,68,2024-10-20,40000
2328,48,2024-10-20,10000
2329,2,2024-10-20,105000
2330,27,2024-10-20,10000
2331,74,2024-10-21,65000
2332,66,2024-10-21,70000
2333,76,2024-10-21,115000
2334,4,2024-10-22,20000
2335,85,2024-10-22,45000
2336,69,2024-10-22,45000
2337,68,2024-10-22,55000
2338,89,2024-10-22,175000
2339,73,2024-10-23,60000
2340,27,2024-10-23,120000
2341,85,2024-10-23,130000
2342,32,2024-10-24,10000
2343,11,2024-10-24,25000
2344,99,2024-10-24,60000
2345,46,2024-10-24,115000
2346,82,2024-10-25,240000
2347,78,2024-10-25,105000
2348,50,2024-10-25,135000
2349,15,2024-10-25,130000
2350,60,2024-10-25,170000
2351,23,2024-10-26,100000
2352,28,2024-10-26,260000
2353,64,2024-10-27,50000
2354,5,2024-10-27,5000
2355,86,2024-10-27,65000
2356,52,2024-10-27,25000
2357,67,2024-10-28,60000
2358,27,2024-10-28,115000
2359,26,2024-10-28,65000
2360,75,2024-10-29,190000
2361,98,2024-10-29,80000
2362,75,2024-10-29,120000
2363,6,2024-10-29,75000
2364,63,2024-10-30,25000
2365,3,2024-10-30,30000
2366,50,2024-10-30,20000
2367,84,2024-10-30,20000
2368,64,2024-10-31,130000
2369,40,2024-10-31,80000
2370,90,2024-11-01,25000
2371,79,2024-11-01,170000
2372,80,2024-11-01,100000
2373,29,2024-11-02,5000
2374,7,2024-11-02,40000
2375,42,2024-11-02,110000
2376,53,2024-11-02,65000
2377,86,2024-11-02,70000
2378,75,2024-11-03,20000
2379,82,2024-11-03,40000
2380,88,2024-11-03,120000
2381,57,2024-11-04,20000
2382,78,2024-11-04,15000
2383,37,2024-11-04,160000
2384,79,2024-11-04,90000
2385,59,2024-11-05,170000
2386,58,2024-11-05,20000
2387,100,2024-11-06,10000
2388,46,2024-11-06,60000
2389,62,2024-11-06,50000
2390,61,2024-11-07,185000
2391,96,2024-11-07,165000
2392,60,2024-11-07,5000
2393,33,2024-11-07,65000
2394,13,2024-11-08,60000
2395,12,2024-11-08,60000
2396,17,2024-11-08,260000
2397,33,2024-11-08,25000
2398,85,2024-11-09,120000
2399,14,2024-11-09,40000
2400,9,2024-11-10,125000
2401,72,2024-11-10,200000
2402,18,2024-11-10,110000
2403,59,2024-11-10,80000
2404,87,2024-11-10,20000
2405,23,2024-11-11,35000
2406,69,2024-11-11,65000
2407,37,2024-11-11,50000
2408,62,2024-11-12,55000
2409,58,2024-11-12,95000
2410,53,2024-11-12,10000
2411,86,2024-11-13,180000
2412,17,2024-11-13,30000
2413,62,2024-11-13,75000
2414,44,2024-11-13,10000
2415,29,2024-11-13,60000
2416,25,2024-11-14,105000
2417,69,2024-11-14,40000
2418,22,2024-11-14,70000
2419,31,2024-11-15,50000
2420,41,2024-11-15,120000
2421,91,2024-11-15,55000
2422,32,2024-11-15,90000
2423,93,2024-11-15,5000
2424,85,2024-11-16,5000
2425,20,2024-11-16,40000
2426,51,2024-11-17,100000
2427,34,2024-11-17,130000
2428,95,2024-11-17,70000
2429,89,2024-11-17,65000
2430,15,2024-11-18,120000
2431,5,2024-11-18,100000
2432,67,2024-11-18,185000
2433,76,2024-11-18,35000
2434,78,2024-11-19,265000
2435,38,2024-11-19,80000
2436,33,2024-11-19,85000
2437,1,2024-11-19,70000
2438,42,2024-11-20,20000
2439,73,2024-11-20,65000
2440,8,2024-11-21,25000
2441,7,2024-11-21,80000
2442,50,2024-11-21,60000
2443,88,2024-11-22,35000
2444,50,2024-11-22,50000
2445,83,2024-11-22,110000
2446,90,2024-11-22,70000
2447,5,2024-11-23,120000
2448,46,2024-11-23,90000
2449,76,2024-11-24,65000
2450,19,2024-11-24,65000
2451,22,2024-11-24,65000
2452,35,2024-11-24,60000
2453,36,2024-11-24,85000
2454,17,2024-11-25,160000
2455,24,2024-11-25,205000
2456,43,2024-11-25,60000
2457,31,2024-11-26,45000
2458,98,2024-11-26,45000
2459,17,2024-11-26,25000
2460,48,2024-11-26,120000
2461,31,2024-11-26,110000
2462,57,2024-11-27,190000
2463,88,2024-11-27,105000
2464,99,2024-11-27,55000
2465,12,2024-11-27,70000
2466,51,2024-11-28,20000
2467,82,2024-11-28,65000
2468,20,2024-11-28,5000
2469,55,2024-11-29,165000
2470,27,2024-11-29,25000
2471,54,2024-11-30,55000
2472,4,2024-11-30,185000
2473,10,2024-11-30,20000
2474,25,2024-12-01,50000
2475,76,2024-12-01,170000
2476,87,2024-12-01,70000
2477,26,2024-12-02,20000
2478,12,2024-12-02,35000
2479,68,2024-12-02,150000
2480,13,2024-12-02,70000
2481,74,2024-12-02,50000
2482,53,2024-12-03,40000
2483,74,2024-12-03,55000
2484,84,2024-12-03,200000
2485,94,2024-12-04,50000
2486,91,2024-12-04,75000
2487,78,2024-12-04,140000
2488,83,2024-12-04,120000
2489,36,2024-12-05,90000
2490,50,2024-12-05,5000
2491,73,2024-12-05,70000
2492,32,2024-12-06,125000
2493,32,2024-12-06,5000
2494,20,2024-12-06,20000
2495,55,2024-12-06,55000
2496,86,2024-12-07,125000
2497,39,2024-12-07,50000
2498,81,2024-12-07,80000
2499,39,2024-12-07,80000
2500,85,2024-12-08,50000
2501,22,2024-12-08,35000
2502,61,2024-12-08,120000
2503,77,2024-12-08,120000
2504,48,2024-12-09,200000
2505,42,2024-12-09,10000
2506,90,2024-12-09,85000
2507,85,2024-12-10,50000
2508,72,2024-12-10,65000
2509,5,2024-12-10,205000
2510,60,2024-12-10,45000
2511,37,2024-12-10,85000
2512,57,2024-12-11,40000
2513,85,2024-12-11,145000
2514,89,2024-12-12,240000
2515,21,2024-12-12,70000
2516,49,2024-12-13,185000
2517,40,2024-12-13,40000
2518,37,2024-12-13,35000
2519,11,2024-12-13,90000
2520,9,2024-12-14,20000
2521,45,2024-12-14,10000
2522,48,2024-12-14,220000
2523,34,2024-12-15,10000
2524,10,2024-12-15,180000
2525,85,2024-12-16,180000
2526,82,2024-12-16,65000
2527,92,2024-12-16,70000
2528,77,2024-12-16,60000
2529,17,2024-12-16,115000
2530,92,2024-12-17,130000
2531,97,2024-12-17,25000
2532,59,2024-12-17,300000
2533,12,2024-12-18,120000
2534,13,2024-12-18,100000
2535,61,2024-12-18,45000
2536,38,2024-12-19,115000
2537,14,2024-12-19,20000
2538,34,2024-12-19,185000
2539,31,2024-12-19,50000
2540,64,2024-12-19,230000
2541,9,2024-12-20,50000
2542,74,2024-12-20,165000
2543,80,2024-12-20,120000
2544,1,2024-12-21,80000
2545,23,2024-12-21,240000
2546,63,2024-12-21,280000
2547,14,2024-12-21,20000
2548,65,2024-12-21,10000
2549,67,2024-12-22,15000
2550,88,2024-12-22,25000
2551,29,2024-12-22,50000
2552,23,2024-12-22,65000
2553,66,2024-12-22,60000
2554,96,2024-12-23,165000
2555,4,2024-12-23,150000
2556,56,2024-12-23,50000
2557,70,2024-12-23,45000
2558,57,2024-12-23,145000
2559,78,2024-12-24,25000
2560,89,2024-12-24,25000
2561,37,2024-12-25,5000
2562,76,2024-12-25,65000
2563,9,2024-12-25,60000
2564,30,2024-12-25,135000
2565,65,2024-12-26,120000
2566,88,2024-12-26,15000
2567,28,2024-12-26,30000
2568,36,2024-12-26,180000
2569,81,2024-12-27,20000
2570,7,2024-12-27,170000
2571,56,2024-12-28,50000
2572,59,2024-12-28,85000
2573,5,2024-12-28,20000
2574,92,2024-12-28,180000
2575,49,2024-12-29,85000
2576,40,2024-12-29,70000
2577,9,2024-12-29,220000
2578,13,2024-12-30,120000
2579,12,2024-12-30,140000
2580,60,2024-12-30,5000
