order_item_id,order_id,product_id,quantity,revenue
1,1,3,2,40000
2,1,4,1,5000
3,1,2,1,25000
4,2,2,1,25000
5,3,3,1,20000
6,3,4,2,10000
7,4,1,2,120000
8,4,2,2,50000
9,5,4,2,10000
10,6,1,2,120000
11,7,2,2,50000
12,7,2,2,50000
13,8,3,1,20000
14,9,4,1,5000
15,9,3,1,20000
16,10,1,2,120000
17,11,4,2,10000
18,12,1,1,60000
19,12,2,2,50000
20,13,3,2,40000
21,13,3,1,20000
22,13,2,2,50000
23,14,2,2,50000
24,14,1,1,60000
25,15,1,1,60000
26,15,4,2,10000
27,15,4,1,5000
28,16,1,2,120000
29,16,1,2,120000
30,17,3,1,20000
31,18,2,1,25000
32,19,1,2,120000
33,19,3,2,40000
34,19,4,2,10000
35,20,4,1,5000
36,20,3,2,40000
37,21,1,1,60000
38,21,3,1,20000
39,22,2,1,25000
40,23,4,2,10000
41,23,1,2,120000
42,23,4,2,10000
43,24,3,1,20000
44,24,1,1,60000
45,24,3,1,20000
46,25,3,1,20000
47,25,3,2,40000
48,25,3,2,40000
49,26,3,1,20000
50,27,2,1,25000
51,28,1,2,120000
52,29,1,1,60000
53,29,1,2,120000
54,30,1,1,60000
55,30,1,2,120000
56,30,2,1,25000
57,31,3,2,40000
58,31,4,2,10000
59,31,3,1,20000
60,32,3,2,40000
61,33,2,1,25000
62,33,1,2,120000
63,34,4,2,10000
64,34,4,2,10000
65,34,1,1,60000
66,35,1,1,60000
67,35,2,2,50000
68,36,4,2,10000
69,37,1,2,120000
70,37,3,2,40000
71,37,3,1,20000
72,38,3,2,40000
73,38,3,2,40000
74,38,2,2,50000
75,39,4,2,10000
76,39,1,2,120000
77,40,3,1,20000
78,41,3,1,20000
79,41,1,1,60000
80,41,3,1,20000
81,42,4,2,10000
82,43,4,2,10000
83,43,4,1,5000
84,44,3,2,40000
85,44,1,2,120000
86,45,3,1,20000
87,45,4,1,5000
88,46,3,2,40000
89,46,2,1,25000
90,46,4,1,5000
91,47,3,2,40000
92,48,1,2,120000
93,49,4,1,5000
94,49,1,2,120000
95,49,4,1,5000
96,50,3,1,20000
97,50,2,1,25000
98,51,3,2,40000
99,51,2,2,50000
100,52,4,2,10000
101,52,1,1,60000
102,53,2,1,25000
103,54,4,2,10000
104,55,2,1,25000
105,55,2,1,25000
106,56,4,2,10000
107,57,1,1,60000
108,57,4,1,5000
109,57,2,2,50000
110,58,2,2,50000
111,59,1,1,60000
112,59,2,1,25000
113,59,4,2,10000
114,60,2,2,50000
115,60,4,2,10000
116,61,1,2,120000
117,62,1,2,120000
118,63,2,1,25000
119,63,3,2,40000
120,64,3,1,20000
121,64,3,1,20000
122,64,4,1,5000
123,65,4,1,5000
124,65,2,1,25000
125,66,4,1,5000
126,66,3,1,20000
127,67,2,1,25000
128,68,4,1,5000
129,68,2,2,50000
130,69,2,2,50000
131,69,2,1,25000
132,70,4,2,10000
133,70,1,2,120000
134,70,3,2,40000
135,71,1,2,120000
136,71,2,2,50000
137,72,4,1,5000
138,72,3,1,20000
139,72,2,2,50000
140,73,2,1,25000
141,73,1,2,120000
142,74,3,1,20000
143,74,4,1,5000
144,74,3,1,20000
145,75,2,1,25000
146,75,4,1,5000
147,75,3,1,20000
148,76,2,2,50000
149,77,2,2,50000
150,77,4,1,5000
151,77,3,1,20000
152,78,3,1,20000
153,79,1,1,60000
154,79,1,2,120000
155,80,3,2,40000
156,80,4,1,5000
157,80,3,1,20000
158,81,3,2,40000
159,81,2,2,50000
160,81,1,2,120000
161,82,4,1,5000
162,82,1,1,60000
163,83,1,2,120000
164,84,3,2,40000
165,85,3,2,40000
166,85,3,2,40000
167,86,2,1,25000
168,86,2,2,50000
169,86,2,2,50000
170,87,3,2,40000
171,87,2,1,25000
172,87,3,2,40000
173,88,2,2,50000
174,88,1,1,60000
175,89,2,2,50000
176,89,2,2,50000
177,90,1,1,60000
178,90,4,1,5000
179,91,4,1,5000
180,92,1,2,120000
181,92,1,2,120000
182,92,3,2,40000
183,93,2,1,25000
184,93,4,2,10000
185,93,4,2,10000
186,94,4,2,10000
187,95,4,2,10000
188,96,3,1,20000
189,97,2,2,50000
190,97,1,2,120000
191,98,1,1,60000
192,99,3,2,40000
193,99,4,1,5000
194,100,3,2,40000
195,101,1,2,120000
196,101,2,1,25000
197,102,1,2,120000
198,103,1,2,120000
199,103,4,2,10000
200,103,4,2,10000
201,104,3,1,20000
202,104,3,2,40000
203,104,1,1,60000
204,105,2,2,50000
205,106,3,1,20000
206,106,2,1,25000
207,107,3,1,20000
208,107,3,2,40000
209,108,2,1,25000
210,109,3,1,20000
211,109,4,1,5000
212,109,1,1,60000
213,110,4,1,5000
214,111,3,1,20000
215,111,3,2,40000
216,112,2,1,25000
217,112,1,2,120000
218,112,2,2,50000
219,113,1,2,120000
220,113,2,2,50000
221,114,2,1,25000
222,114,2,1,25000
223,114,3,2,40000
224,115,1,1,60000
225,115,1,2,120000
226,115,2,1,25000
227,116,4,1,5000
228,116,2,1,25000
229,116,4,2,10000
230,117,4,2,10000
231,117,4,1,5000
232,118,2,2,50000
233,119,4,1,5000
234,120,4,1,5000
235,120,4,2,10000
236,120,1,2,120000
237,121,3,2,40000
238,121,3,2,40000
239,121,4,1,5000
240,122,3,1,20000
241,122,1,1,60000
242,122,1,1,60000
243,123,3,1,20000
244,124,4,2,10000
245,125,2,1,25000
246,125,4,2,10000
247,126,2,1,25000
248,127,3,1,20000
249,128,1,2,120000
250,129,4,1,5000
251,129,2,2,50000
252,130,2,2,50000
253,130,3,1,20000
254,131,1,2,120000
255,132,2,1,25000
256,132,2,2,50000
257,133,2,1,25000
258,133,3,1,20000
259,133,1,1,60000
260,134,2,1,25000
261,134,1,1,60000
262,135,1,2,120000
263,135,3,2,40000
264,135,4,2,10000
265,136,2,2,50000
266,137,1,1,60000
267,137,1,2,120000
268,137,4,2,10000
269,138,1,1,60000
270,139,3,1,20000
271,139,2,1,25000
272,139,1,2,120000
273,140,3,2,40000
274,140,3,1,20000
275,141,4,2,10000
276,141,2,1,25000
277,141,2,2,50000
278,142,4,1,5000
279,142,1,1,60000
280,143,1,2,120000
281,143,3,2,40000
282,143,3,1,20000
283,144,3,2,40000
284,144,1,1,60000
285,145,4,2,10000
286,146,2,1,25000
287,146,3,2,40000
288,147,4,2,10000
289,147,2,2,50000
290,148,3,2,40000
291,149,1,1,60000
292,150,2,2,50000
293,151,2,1,25000
294,151,4,1,5000
295,152,1,2,120000
296,153,3,1,20000
297,153,4,1,5000
298,154,4,1,5000
299,155,1,1,60000
300,156,1,2,120000
301,156,3,1,20000
302,157,2,2,50000
303,157,4,1,5000
304,157,4,1,5000
305,158,2,2,50000
306,158,2,1,25000
307,159,2,1,25000
308,159,3,2,40000
309,160,4,2,10000
310,160,2,1,25000
311,161,2,1,25000
312,161,1,2,120000
313,162,2,1,25000
314,162,1,1,60000
315,162,3,1,20000
316,163,3,1,20000
317,163,1,1,60000
318,164,4,1,5000
319,164,4,1,5000
320,165,3,1,20000
321,165,3,2,40000
322,165,2,2,50000
323,166,1,2,120000
324,166,3,1,20000
325,167,1,1,60000
326,167,4,1,5000
327,168,3,2,40000
328,169,4,2,10000
329,169,3,1,20000
330,170,2,1,25000
331,170,3,1,20000
332,171,3,2,40000
333,171,2,2,50000
334,172,2,2,50000
335,172,2,2,50000
336,172,1,2,120000
337,173,3,1,20000
338,173,3,1,20000
339,174,4,1,5000
340,175,1,2,120000
341,175,4,2,10000
342,176,1,2,120000
343,176,4,1,5000
344,176,4,2,10000
345,177,4,2,10000
346,178,3,1,20000
347,178,2,1,25000
348,179,2,2,50000
349,179,1,2,120000
350,180,1,1,60000
351,180,2,1,25000
352,180,3,2,40000
353,181,2,1,25000
354,181,4,2,10000
355,181,4,1,5000
356,182,1,2,120000
357,182,1,1,60000
358,182,4,2,10000
359,183,2,1,25000
360,184,3,1,20000
361,185,2,1,25000
362,185,4,1,5000
363,186,1,1,60000
364,187,2,2,50000
365,187,2,2,50000
366,187,2,1,25000
367,188,2,2,50000
368,189,3,1,20000
369,189,1,1,60000
370,189,4,2,10000
371,190,2,2,50000
372,190,1,2,120000
373,190,2,2,50000
374,191,1,1,60000
375,191,3,2,40000
376,191,1,1,60000
377,192,1,1,60000
378,192,3,2,40000
379,193,1,2,120000
380,193,4,2,10000
381,194,2,1,25000
382,195,1,1,60000
383,195,4,2,10000
384,196,3,1,20000
385,196,2,1,25000
386,197,2,2,50000
387,197,3,2,40000
388,197,3,1,20000
389,198,4,1,5000
390,199,2,1,25000
391,199,4,2,10000
392,200,4,2,10000
393,200,3,2,40000
394,200,1,2,120000
395,201,2,1,25000
396,201,2,2,50000
397,202,4,2,10000
398,202,3,2,40000
399,202,4,2,10000
400,203,4,2,10000
401,203,3,2,40000
402,203,4,2,10000
403,204,2,2,50000
404,204,4,2,10000
405,204,3,1,20000
406,205,2,2,50000
407,205,3,1,20000
408,205,1,1,60000
409,206,1,2,120000
410,207,1,1,60000
411,208,3,1,20000
412,209,1,2,120000
413,209,1,2,120000
414,210,1,1,60000
415,210,2,1,25000
416,211,4,1,5000
417,212,1,2,120000
418,213,2,1,25000
419,213,1,2,120000
420,214,2,2,50000
421,214,3,2,40000
422,214,1,1,60000
423,215,4,2,10000
424,215,3,1,20000
425,215,2,2,50000
426,216,3,2,40000
427,216,2,1,25000
428,217,2,2,50000
429,217,2,1,25000
430,217,3,1,20000
431,218,3,2,40000
432,218,1,2,120000
433,219,4,1,5000
434,219,3,2,40000
435,220,1,2,120000
436,220,4,1,5000
437,221,2,2,50000
438,221,2,1,25000
439,222,1,2,120000
440,222,3,1,20000
441,223,3,2,40000
442,223,2,2,50000
443,224,4,1,5000
444,224,3,2,40000
445,225,2,2,50000
446,226,2,1,25000
447,227,1,2,120000
448,227,4,2,10000
449,227,2,2,50000
450,228,2,2,50000
451,228,4,1,5000
452,228,4,1,5000
453,229,2,2,50000
454,230,3,1,20000
455,230,3,1,20000
456,231,2,1,25000
457,231,2,2,50000
458,232,3,2,40000
459,232,1,2,120000
460,233,2,1,25000
461,233,2,2,50000
462,234,1,2,120000
463,234,4,2,10000
464,235,2,2,50000
465,235,3,1,20000
466,236,4,1,5000
467,236,1,2,120000
468,236,3,2,40000
469,237,3,1,20000
470,237,3,2,40000
471,237,2,1,25000
472,238,2,2,50000
473,238,1,2,120000
474,239,2,2,50000
475,240,2,1,25000
476,241,4,2,10000
477,241,1,2,120000
478,242,2,1,25000
479,243,4,1,5000
480,243,4,2,10000
481,244,4,1,5000
482,244,2,2,50000
483,244,4,2,10000
484,245,1,2,120000
485,245,3,1,20000
486,245,4,2,10000
487,246,2,2,50000
488,246,3,2,40000
489,247,2,2,50000
490,247,1,2,120000
491,247,2,1,25000
492,248,2,2,50000
493,248,4,1,5000
494,248,1,1,60000
495,249,1,1,60000
496,249,3,2,40000
497,250,1,2,120000
498,250,1,2,120000
499,250,3,2,40000
500,251,2,2,50000
501,251,4,1,5000
502,252,3,1,20000
503,252,3,2,40000
504,252,3,1,20000
505,253,3,2,40000
506,253,3,1,20000
507,253,1,2,120000
508,254,4,2,10000
509,255,1,1,60000
510,255,1,2,120000
511,255,4,1,5000
512,256,3,1,20000
513,256,3,2,40000
514,256,2,2,50000
515,257,3,1,20000
516,257,3,1,20000
517,257,4,1,5000
518,258,3,1,20000
519,258,2,1,25000
520,258,3,2,40000
521,259,4,2,10000
522,259,2,2,50000
523,260,4,1,5000
524,261,4,1,5000
525,262,3,2,40000
526,262,3,2,40000
527,262,3,1,20000
528,263,1,2,120000
529,263,4,2,10000
530,264,1,1,60000
531,264,2,1,25000
532,265,3,1,20000
533,265,3,2,40000
534,266,3,1,20000
535,266,1,2,120000
536,266,2,2,50000
537,267,1,1,60000
538,267,2,2,50000
539,268,4,1,5000
540,268,4,2,10000
541,269,2,1,25000
542,269,1,2,120000
543,270,3,2,40000
544,270,4,1,5000
545,271,1,1,60000
546,272,3,1,20000
547,272,1,2,120000
548,273,3,1,20000
549,273,4,1,5000
550,273,1,2,120000
551,274,3,2,40000
552,274,3,1,20000
553,275,3,2,40000
554,275,3,2,40000
555,275,2,2,50000
556,276,3,2,40000
557,277,3,2,40000
558,277,2,2,50000
559,277,3,2,40000
560,278,1,2,120000
561,279,2,1,25000
562,279,3,2,40000
563,279,1,1,60000
564,280,2,1,25000
565,280,2,2,50000
566,280,3,1,20000
567,281,1,1,60000
568,282,3,2,40000
569,283,1,2,120000
570,284,1,1,60000
571,284,3,1,20000
572,284,1,2,120000
573,285,3,1,20000
574,286,2,1,25000
575,286,3,2,40000
576,287,4,2,10000
577,288,4,1,5000
578,289,4,2,10000
579,289,1,1,60000
580,289,3,1,20000
581,290,3,1,20000
582,290,3,1,20000
583,291,4,2,10000
584,292,2,2,50000
585,293,2,1,25000
586,293,1,1,60000
587,294,2,1,25000
588,295,2,1,25000
589,296,1,1,60000
590,297,3,2,40000
591,298,2,2,50000
592,298,1,1,60000
593,298,4,2,10000
594,299,1,2,120000
595,299,2,2,50000
596,300,1,1,60000
597,301,3,1,20000
598,301,3,2,40000
599,302,1,2,120000
600,303,1,2,120000
601,304,4,1,5000
602,304,3,1,20000
603,305,3,2,40000
604,305,1,1,60000
605,305,1,1,60000
606,306,3,1,20000
607,306,2,2,50000
608,306,3,1,20000
609,307,3,1,20000
610,307,1,2,120000
611,308,4,1,5000
612,308,4,1,5000
613,308,4,1,5000
614,309,2,2,50000
615,309,3,1,20000
616,309,2,2,50000
617,310,4,1,5000
618,310,1,1,60000
619,310,2,2,50000
620,311,2,1,25000
621,312,1,1,60000
622,312,3,2,40000
623,312,4,1,5000
624,313,2,2,50000
625,314,1,2,120000
626,314,4,1,5000
627,315,4,1,5000
628,316,4,2,10000
629,316,2,2,50000
630,316,1,2,120000
631,317,3,2,40000
632,317,2,2,50000
633,318,2,2,50000
634,318,2,2,50000
635,319,3,2,40000
636,319,1,2,120000
637,319,3,1,20000
638,320,4,1,5000
639,320,3,2,40000
640,320,3,1,20000
641,321,3,2,40000
642,321,2,1,25000
643,321,1,1,60000
644,322,2,2,50000
645,322,4,1,5000
646,322,4,1,5000
647,323,4,1,5000
648,323,4,2,10000
649,323,4,1,5000
650,324,4,2,10000
651,324,3,1,20000
652,324,2,1,25000
653,325,3,1,20000
654,325,3,1,20000
655,325,4,1,5000
656,326,3,1,20000
657,326,4,2,10000
658,327,4,2,10000
659,327,2,2,50000
660,328,3,2,40000
661,329,2,1,25000
662,329,1,2,120000
663,330,4,1,5000
664,330,4,2,10000
665,331,4,1,5000
666,331,3,1,20000
667,332,1,2,120000
668,332,1,2,120000
669,333,4,2,10000
670,333,3,1,20000
671,333,3,1,20000
672,334,3,1,20000
673,334,2,1,25000
674,334,2,1,25000
675,335,4,1,5000
676,335,4,1,5000
677,336,4,2,10000
678,337,4,1,5000
679,338,3,2,40000
680,338,3,2,40000
681,339,1,2,120000
682,339,2,2,50000
683,340,1,1,60000
684,340,1,1,60000
685,340,4,2,10000
686,341,1,2,120000
687,341,2,2,50000
688,342,2,2,50000
689,342,3,1,20000
690,343,3,2,40000
691,344,1,1,60000
692,345,4,1,5000
693,346,1,2,120000
694,346,3,1,20000
695,346,2,1,25000
696,347,1,2,120000
697,347,1,2,120000
698,348,2,2,50000
699,348,4,2,10000
700,348,4,2,10000
701,349,4,2,10000
702,349,1,1,60000
703,349,1,1,60000
704,350,2,1,25000
705,350,3,2,40000
706,350,1,1,60000
707,351,2,1,25000
708,351,4,1,5000
709,351,1,2,120000
710,352,2,2,50000
711,352,1,1,60000
712,352,2,2,50000
713,353,4,1,5000
714,354,3,2,40000
715,354,3,1,20000
716,355,2,2,50000
717,355,4,1,5000
718,356,3,1,20000
719,356,4,1,5000
720,357,1,1,60000
721,358,4,2,10000
722,358,3,1,20000
723,358,2,2,50000
724,359,4,1,5000
725,359,2,1,25000
726,359,1,2,120000
727,360,4,1,5000
728,360,4,1,5000
729,360,4,1,5000
730,361,1,2,120000
731,361,3,2,40000
732,361,1,1,60000
733,362,4,2,10000
734,363,2,2,50000
735,363,1,1,60000
736,364,4,1,5000
737,365,1,2,120000
738,365,3,2,40000
739,365,3,2,40000
740,366,4,1,5000
741,367,3,1,20000
742,367,3,1,20000
743,368,2,1,25000
744,369,4,1,5000
745,369,1,1,60000
746,370,2,2,50000
747,371,2,1,25000
748,372,4,2,10000
749,372,2,1,25000
750,372,1,2,120000
751,373,4,2,10000
752,373,4,1,5000
753,373,1,1,60000
754,374,1,1,60000
755,374,1,2,120000
756,374,3,1,20000
757,375,1,1,60000
758,375,4,2,10000
759,375,3,2,40000
760,376,2,1,25000
761,377,4,2,10000
762,377,2,2,50000
763,378,4,1,5000
764,378,3,1,20000
765,379,4,1,5000
766,380,2,2,50000
767,381,2,1,25000
768,381,4,1,5000
769,381,4,1,5000
770,382,4,2,10000
771,383,3,1,20000
772,384,4,2,10000
773,384,4,1,5000
774,385,2,1,25000
775,386,1,2,120000
776,386,4,2,10000
777,387,2,2,50000
778,387,4,1,5000
779,387,4,1,5000
780,388,2,2,50000
781,388,3,2,40000
782,389,1,2,120000
783,390,1,2,120000
784,391,3,2,40000
785,391,2,1,25000
786,392,4,2,10000
787,392,2,1,25000
788,392,4,2,10000
789,393,1,1,60000
790,393,2,1,25000
791,394,2,2,50000
792,394,2,1,25000
793,395,3,1,20000
794,395,3,1,20000
795,395,4,2,10000
796,396,4,1,5000
797,397,2,1,25000
798,397,1,1,60000
799,398,3,2,40000
800,399,4,1,5000
801,399,3,2,40000
802,400,2,2,50000
803,400,1,2,120000
804,400,1,1,60000
805,401,2,1,25000
806,401,3,2,40000
807,402,2,1,25000
808,402,1,1,60000
809,403,1,2,120000
810,404,2,1,25000
811,404,3,1,20000
812,405,2,1,25000
813,406,4,1,5000
814,407,3,1,20000
815,407,2,2,50000
816,407,2,1,25000
817,408,2,1,25000
818,408,1,2,120000
819,408,3,1,20000
820,409,3,2,40000
821,410,2,2,50000
822,410,4,1,5000
823,410,3,2,40000
824,411,2,2,50000
825,411,3,2,40000
826,411,3,1,20000
827,412,3,1,20000
828,412,3,1,20000
829,413,2,2,50000
830,413,4,1,5000
831,413,4,1,5000
832,414,2,2,50000
833,414,2,2,50000
834,414,4,2,10000
835,415,2,2,50000
836,416,4,1,5000
837,416,4,1,5000
838,416,1,2,120000
839,417,3,1,20000
840,417,1,2,120000
841,418,4,2,10000
842,418,3,1,20000
843,419,3,2,40000
844,419,4,1,5000
845,420,2,1,25000
846,421,2,1,25000
847,422,1,1,60000
848,422,4,2,10000
849,422,3,2,40000
850,423,4,2,10000
851,423,4,1,5000
852,423,1,2,120000
853,424,1,2,120000
854,425,1,2,120000
855,425,2,2,50000
856,426,1,2,120000
857,426,4,2,10000
858,426,2,1,25000
859,427,4,1,5000
860,428,2,2,50000
861,429,1,2,120000
862,429,1,2,120000
863,429,1,2,120000
864,430,3,1,20000
865,430,3,2,40000
866,431,1,1,60000
867,431,1,2,120000
868,431,3,1,20000
869,432,2,1,25000
870,433,1,1,60000
871,433,1,1,60000
872,434,3,1,20000
873,435,2,1,25000
874,435,4,2,10000
875,435,3,1,20000
876,436,4,1,5000
877,437,4,2,10000
878,437,4,1,5000
879,437,4,1,5000
880,438,2,2,50000
881,439,4,2,10000
882,440,4,2,10000
883,441,2,1,25000
884,441,1,2,120000
885,441,4,1,5000
886,442,3,1,20000
887,442,4,2,10000
888,443,3,2,40000
889,443,2,1,25000
890,444,3,2,40000
891,444,3,2,40000
892,444,3,2,40000
893,445,2,1,25000
894,445,1,1,60000
895,445,2,2,50000
896,446,4,2,10000
897,447,4,1,5000
898,447,4,2,10000
899,448,4,2,10000
900,449,3,1,20000
901,449,2,2,50000
902,450,3,1,20000
903,450,4,2,10000
904,450,3,2,40000
905,451,2,2,50000
906,452,4,2,10000
907,453,2,1,25000
908,453,1,1,60000
909,453,4,2,10000
910,454,2,1,25000
911,454,4,2,10000
912,455,1,2,120000
913,455,2,1,25000
914,455,3,1,20000
915,456,2,2,50000
916,456,1,1,60000
917,457,2,1,25000
918,457,3,2,40000
919,458,2,1,25000
920,458,4,2,10000
921,458,1,1,60000
922,459,4,2,10000
923,459,3,2,40000
924,459,2,2,50000
925,460,1,1,60000
926,460,3,1,20000
927,461,1,2,120000
928,462,1,1,60000
929,462,4,2,10000
930,463,2,2,50000
931,464,4,2,10000
932,465,1,2,120000
933,466,3,2,40000
934,466,2,2,50000
935,466,2,2,50000
936,467,4,1,5000
937,467,3,1,20000
938,468,1,1,60000
939,469,1,2,120000
940,470,2,1,25000
941,471,3,2,40000
942,471,3,2,40000
943,472,2,2,50000
944,472,3,2,40000
945,473,4,1,5000
946,473,4,1,5000
947,473,4,1,5000
948,474,4,1,5000
949,474,2,1,25000
950,474,4,2,10000
951,475,2,1,25000
952,475,3,2,40000
953,475,3,1,20000
954,476,3,2,40000
955,477,4,1,5000
956,477,3,1,20000
957,477,4,2,10000
958,478,3,1,20000
959,479,4,2,10000
960,479,2,2,50000
961,479,2,1,25000
962,480,4,1,5000
963,481,4,2,10000
964,481,4,1,5000
965,481,3,1,20000
966,482,2,1,25000
967,482,1,1,60000
968,483,3,2,40000
969,484,1,1,60000
970,484,2,2,50000
971,485,4,1,5000
972,486,2,2,50000
973,487,3,2,40000
974,487,1,1,60000
975,488,1,1,60000
976,488,3,1,20000
977,488,2,1,25000
978,489,1,2,120000
979,489,3,1,20000
980,489,4,2,10000
981,490,1,2,120000
982,490,3,1,20000
983,491,2,1,25000
984,492,1,1,60000
985,492,4,1,5000
986,493,4,2,10000
987,493,2,1,25000
988,494,4,1,5000
989,495,4,2,10000
990,496,4,1,5000
991,496,4,1,5000
992,496,4,2,10000
993,497,3,2,40000
994,498,2,1,25000
995,499,4,1,5000
996,499,4,1,5000
997,499,3,1,20000
998,500,1,1,60000
999,500,3,1,20000
1000,500,2,1,25000
1001,501,2,1,25000
1002,502,1,1,60000
1003,502,3,1,20000
1004,502,2,2,50000
1005,503,1,2,120000
1006,503,4,1,5000
1007,503,1,2,120000
1008,504,2,1,25000
1009,504,4,2,10000
1010,505,4,1,5000
1011,505,4,1,5000
1012,505,3,2,40000
1013,506,1,1,60000
1014,507,4,2,10000
1015,507,1,1,60000
1016,508,2,2,50000
1017,508,1,2,120000
1018,509,3,2,40000
1019,510,3,1,20000
1020,510,1,1,60000
1021,511,3,2,40000
1022,511,2,1,25000
1023,512,1,2,120000
1024,512,4,2,10000
1025,512,1,2,120000
1026,513,2,1,25000
1027,513,1,1,60000
1028,513,4,2,10000
1029,514,1,1,60000
1030,514,3,2,40000
1031,514,1,1,60000
1032,515,4,1,5000
1033,515,3,2,40000
1034,516,3,1,20000
1035,516,1,1,60000
1036,516,2,2,50000
1037,517,4,2,10000
1038,517,2,2,50000
1039,518,2,2,50000
1040,519,4,2,10000
1041,520,3,2,40000
1042,520,1,2,120000
1043,521,2,2,50000
1044,521,1,1,60000
1045,521,2,2,50000
1046,522,2,2,50000
1047,523,2,1,25000
1048,524,1,1,60000
1049,524,3,1,20000
1050,524,1,1,60000
1051,525,1,1,60000
1052,525,1,2,120000
1053,526,4,2,10000
1054,526,2,2,50000
1055,527,3,1,20000
1056,527,1,2,120000
1057,527,1,1,60000
1058,528,4,1,5000
1059,529,4,2,10000
1060,530,3,1,20000
1061,531,1,1,60000
1062,531,4,2,10000
1063,532,1,1,60000
1064,532,4,1,5000
1065,532,4,2,10000
1066,533,2,2,50000
1067,533,3,1,20000
1068,533,3,2,40000
1069,534,4,1,5000
1070,535,4,1,5000
1071,535,2,2,50000
1072,535,1,2,120000
1073,536,2,2,50000
1074,537,4,2,10000
1075,538,1,1,60000
1076,539,2,1,25000
1077,539,3,1,20000
1078,539,2,2,50000
1079,540,3,1,20000
1080,540,1,1,60000
1081,541,4,1,5000
1082,542,4,1,5000
1083,542,2,1,25000
1084,542,4,1,5000
1085,543,1,1,60000
1086,543,3,1,20000
1087,544,1,2,120000
1088,544,1,2,120000
1089,545,1,1,60000
1090,545,1,1,60000
1091,546,2,1,25000
1092,546,4,1,5000
1093,547,1,1,60000
1094,547,4,1,5000
1095,547,3,2,40000
1096,548,2,2,50000
1097,548,2,2,50000
1098,548,3,1,20000
1099,549,4,1,5000
1100,550,2,2,50000
1101,550,2,1,25000
1102,550,2,1,25000
1103,551,3,2,40000
1104,551,2,1,25000
1105,552,1,1,60000
1106,553,1,1,60000
1107,554,2,2,50000
1108,554,3,2,40000
1109,554,1,2,120000
1110,555,2,2,50000
1111,555,1,2,120000
1112,556,4,1,5000
1113,557,4,1,5000
1114,558,1,2,120000
1115,558,1,2,120000
1116,558,1,1,60000
1117,559,1,2,120000
1118,559,2,2,50000
1119,559,4,2,10000
1120,560,3,2,40000
1121,561,1,1,60000
1122,561,2,2,50000
1123,562,1,1,60000
1124,563,3,2,40000
1125,563,2,1,25000
1126,564,3,1,20000
1127,564,1,2,120000
1128,565,4,2,10000
1129,566,2,2,50000
1130,566,1,2,120000
1131,566,2,2,50000
1132,567,1,1,60000
1133,567,1,1,60000
1134,568,2,2,50000
1135,568,4,1,5000
1136,569,3,1,20000
1137,570,3,1,20000
1138,570,1,2,120000
1139,570,1,2,120000
1140,571,3,2,40000
1141,571,2,2,50000
1142,572,4,2,10000
1143,572,1,2,120000
1144,572,3,2,40000
1145,573,3,2,40000
1146,573,4,2,10000
1147,573,4,1,5000
1148,574,2,2,50000
1149,574,3,1,20000
1150,574,2,1,25000
1151,575,2,1,25000
1152,576,1,2,120000
1153,576,4,2,10000
1154,576,1,2,120000
1155,577,1,1,60000
1156,577,2,1,25000
1157,577,4,2,10000
1158,578,2,2,50000
1159,579,4,2,10000
1160,580,3,2,40000
1161,580,2,1,25000
1162,580,4,2,10000
1163,581,4,2,10000
1164,581,3,2,40000
1165,582,4,2,10000
1166,583,4,1,5000
1167,583,2,1,25000
1168,583,3,2,40000
1169,584,1,1,60000
1170,585,3,1,20000
1171,585,4,2,10000
1172,586,2,1,25000
1173,586,1,2,120000
1174,587,1,2,120000
1175,587,3,1,20000
1176,588,4,2,10000
1177,589,1,2,120000
1178,589,3,2,40000
1179,590,1,1,60000
1180,590,2,1,25000
1181,590,2,1,25000
1182,591,2,2,50000
1183,591,3,1,20000
1184,591,2,2,50000
1185,592,4,2,10000
1186,592,2,1,25000
1187,592,2,2,50000
1188,593,4,2,10000
1189,594,1,1,60000
1190,594,1,2,120000
1191,594,4,2,10000
1192,595,3,2,40000
1193,596,1,2,120000
1194,596,3,2,40000
1195,596,3,2,40000
1196,597,3,2,40000
1197,598,3,2,40000
1198,598,1,2,120000
1199,598,2,2,50000
1200,599,4,2,10000
1201,599,1,1,60000
1202,600,2,1,25000
1203,600,1,1,60000
1204,601,3,1,20000
1205,601,3,2,40000
1206,602,4,1,5000
1207,603,2,2,50000
1208,603,3,1,20000
1209,603,3,1,20000
1210,604,2,1,25000
1211,604,1,1,60000
1212,605,4,1,5000
1213,605,2,1,25000
1214,605,4,1,5000
1215,606,1,2,120000
1216,606,1,1,60000
1217,607,1,2,120000
1218,607,3,1,20000
1219,607,2,2,50000
1220,608,3,2,40000
1221,608,4,2,10000
1222,609,1,1,60000
1223,609,2,1,25000
1224,609,2,2,50000
1225,610,2,2,50000
1226,611,2,2,50000
1227,611,2,1,25000
1228,612,4,1,5000
1229,613,3,2,40000
1230,613,3,1,20000
1231,613,1,2,120000
1232,614,2,1,25000
1233,614,3,1,20000
1234,615,1,1,60000
1235,615,3,1,20000
1236,615,3,2,40000
1237,616,2,2,50000
1238,616,2,2,50000
1239,617,1,1,60000
1240,618,3,1,20000
1241,618,3,1,20000
1242,618,2,2,50000
1243,619,1,1,60000
1244,620,4,2,10000
1245,621,2,1,25000
1246,621,2,2,50000
1247,622,4,2,10000
1248,623,3,1,20000
1249,623,4,1,5000
1250,624,4,1,5000
1251,625,2,2,50000
1252,625,1,2,120000
1253,625,4,1,5000
1254,626,4,2,10000
1255,626,3,2,40000
1256,627,4,2,10000
1257,628,1,2,120000
1258,628,1,1,60000
1259,629,2,2,50000
1260,629,1,2,120000
1261,630,1,1,60000
1262,631,1,2,120000
1263,631,1,1,60000
1264,631,3,1,20000
1265,632,4,2,10000
1266,633,2,2,50000
1267,633,1,1,60000
1268,633,1,2,120000
1269,634,1,1,60000
1270,634,3,2,40000
1271,634,4,1,5000
1272,635,3,2,40000
1273,636,4,2,10000
1274,636,1,1,60000
1275,637,3,1,20000
1276,638,1,1,60000
1277,638,1,2,120000
1278,638,1,2,120000
1279,639,3,1,20000
1280,640,3,1,20000
1281,641,2,2,50000
1282,641,2,1,25000
1283,641,3,2,40000
1284,642,1,1,60000
1285,642,1,1,60000
1286,643,4,1,5000
1287,643,3,1,20000
1288,644,4,1,5000
1289,644,1,1,60000
1290,644,2,1,25000
1291,645,3,1,20000
1292,645,4,1,5000
1293,646,2,2,50000
1294,646,4,2,10000
1295,647,1,2,120000
1296,648,4,1,5000
1297,649,1,2,120000
1298,650,4,1,5000
1299,650,3,1,20000
1300,651,1,2,120000
1301,651,4,2,10000
1302,652,2,1,25000
1303,653,2,1,25000
1304,653,1,2,120000
1305,653,2,1,25000
1306,654,4,2,10000
1307,655,2,2,50000
1308,656,1,1,60000
1309,656,3,1,20000
1310,656,1,2,120000
1311,657,2,1,25000
1312,657,1,2,120000
1313,657,1,1,60000
1314,658,1,2,120000
1315,658,4,1,5000
1316,658,4,2,10000
1317,659,4,2,10000
1318,659,3,2,40000
1319,659,2,2,50000
1320,660,1,1,60000
1321,660,4,2,10000
1322,660,2,1,25000
1323,661,4,1,5000
1324,661,2,2,50000
1325,661,3,2,40000
1326,662,2,1,25000
1327,662,4,1,5000
1328,663,3,1,20000
1329,663,2,1,25000
1330,663,4,1,5000
1331,664,1,1,60000
1332,664,3,2,40000
1333,664,2,2,50000
1334,665,2,1,25000
1335,665,1,2,120000
1336,666,2,1,25000
1337,666,3,1,20000
1338,667,1,1,60000
1339,667,1,1,60000
1340,668,4,1,5000
1341,669,3,2,40000
1342,669,2,2,50000
1343,670,1,2,120000
1344,671,2,1,25000
1345,671,2,1,25000
1346,671,4,2,10000
1347,672,4,1,5000
1348,673,3,2,40000
1349,674,4,1,5000
1350,674,1,2,120000
1351,675,2,1,25000
1352,675,1,1,60000
1353,675,4,2,10000
1354,676,1,1,60000
1355,677,1,2,120000
1356,677,3,2,40000
1357,678,2,2,50000
1358,678,4,2,10000
1359,679,1,1,60000
1360,679,2,2,50000
1361,680,4,1,5000
1362,680,1,1,60000
1363,680,1,1,60000
1364,681,3,2,40000
1365,681,3,2,40000
1366,682,3,2,40000
1367,682,2,1,25000
1368,682,2,1,25000
1369,683,1,2,120000
1370,683,3,2,40000
1371,684,2,1,25000
1372,684,2,1,25000
1373,685,1,2,120000
1374,685,2,1,25000
1375,685,2,2,50000
1376,686,1,1,60000
1377,686,3,1,20000
1378,687,4,2,10000
1379,687,3,2,40000
1380,687,1,2,120000
1381,688,3,2,40000
1382,689,3,2,40000
1383,690,3,1,20000
1384,691,1,2,120000
1385,692,3,2,40000
1386,692,4,1,5000
1387,693,3,1,20000
1388,693,3,2,40000
1389,693,4,2,10000
1390,694,3,2,40000
1391,694,4,1,5000
1392,694,1,1,60000
1393,695,1,2,120000
1394,695,1,1,60000
1395,696,4,2,10000
1396,696,2,2,50000
1397,697,4,2,10000
1398,697,4,1,5000
1399,698,1,1,60000
1400,699,4,1,5000
1401,699,4,2,10000
1402,700,2,2,50000
1403,700,4,1,5000
1404,700,1,2,120000
1405,701,2,1,25000
1406,701,4,1,5000
1407,701,1,1,60000
1408,702,2,1,25000
1409,703,2,2,50000
1410,703,4,2,10000
1411,704,2,2,50000
1412,705,1,2,120000
1413,705,4,2,10000
1414,705,1,2,120000
1415,706,4,1,5000
1416,707,3,2,40000
1417,708,2,1,25000
1418,709,4,2,10000
1419,709,3,1,20000
1420,709,1,1,60000
1421,710,2,2,50000
1422,711,2,1,25000
1423,711,4,2,10000
1424,712,1,1,60000
1425,712,4,1,5000
1426,713,2,2,50000
1427,713,2,2,50000
1428,713,1,1,60000
1429,714,4,2,10000
1430,714,1,2,120000
1431,715,1,2,120000
1432,716,2,2,50000
1433,716,4,2,10000
1434,716,2,1,25000
1435,717,2,1,25000
1436,717,4,1,5000
1437,718,2,2,50000
1438,718,1,2,120000
1439,718,2,1,25000
1440,719,4,1,5000
1441,719,4,1,5000
1442,719,1,1,60000
1443,720,1,2,120000
1444,721,1,1,60000
1445,722,4,1,5000
1446,722,1,2,120000
1447,723,3,2,40000
1448,723,3,1,20000
1449,723,3,1,20000
1450,724,2,2,50000
1451,724,4,1,5000
1452,725,1,1,60000
1453,725,1,1,60000
1454,725,4,1,5000
1455,726,2,1,25000
1456,726,3,2,40000
1457,727,2,1,25000
1458,728,2,1,25000
1459,728,1,2,120000
1460,728,4,2,10000
1461,729,1,2,120000
1462,729,1,1,60000
1463,730,4,2,10000
1464,731,1,2,120000
1465,732,4,1,5000
1466,732,3,1,20000
1467,733,3,2,40000
1468,734,4,1,5000
1469,734,2,1,25000
1470,734,4,1,5000
1471,735,4,1,5000
1472,735,1,2,120000
1473,735,3,1,20000
1474,736,1,1,60000
1475,736,3,1,20000
1476,736,1,2,120000
1477,737,2,1,25000
1478,737,1,1,60000
1479,738,2,2,50000
1480,738,4,1,5000
1481,738,4,1,5000
1482,739,4,2,10000
1483,739,2,1,25000
1484,739,2,2,50000
1485,740,1,2,120000
1486,741,2,2,50000
1487,742,1,1,60000
1488,742,2,2,50000
1489,742,2,2,50000
1490,743,2,1,25000
1491,743,1,2,120000
1492,744,2,2,50000
1493,744,3,2,40000
1494,745,4,1,5000
1495,746,3,2,40000
1496,746,2,2,50000
1497,747,4,1,5000
1498,747,1,2,120000
1499,747,2,2,50000
1500,748,2,2,50000
1501,748,3,2,40000
1502,748,4,1,5000
1503,749,1,1,60000
1504,749,2,2,50000
1505,750,1,1,60000
1506,750,3,1,20000
1507,750,2,2,50000
1508,751,2,1,25000
1509,751,1,2,120000
1510,751,2,1,25000
1511,752,3,2,40000
1512,752,1,2,120000
1513,752,2,1,25000
1514,753,3,1,20000
1515,753,3,2,40000
1516,753,1,2,120000
1517,754,1,2,120000
1518,755,3,2,40000
1519,755,2,2,50000
1520,755,4,1,5000
1521,756,1,1,60000
1522,756,2,2,50000
1523,757,4,1,5000
1524,758,2,1,25000
1525,759,2,2,50000
1526,759,4,2,10000
1527,760,4,1,5000
1528,760,2,1,25000
1529,760,4,1,5000
1530,761,3,1,20000
1531,762,3,2,40000
1532,763,2,2,50000
1533,763,4,2,10000
1534,764,2,1,25000
1535,764,1,2,120000
1536,764,3,1,20000
1537,765,2,1,25000
1538,766,3,1,20000
1539,767,3,1,20000
1540,767,3,1,20000
1541,767,1,2,120000
1542,768,3,2,40000
1543,769,2,1,25000
1544,770,4,2,10000
1545,770,2,1,25000
1546,771,2,1,25000
1547,771,3,1,20000
1548,771,4,1,5000
1549,772,1,1,60000
1550,772,3,2,40000
1551,772,2,2,50000
1552,773,3,1,20000
1553,773,2,1,25000
1554,773,3,2,40000
1555,774,3,1,20000
1556,775,2,2,50000
1557,775,2,1,25000
1558,776,2,1,25000
1559,776,4,2,10000
1560,777,3,1,20000
1561,778,4,2,10000
1562,778,4,2,10000
1563,779,4,2,10000
1564,780,1,2,120000
1565,780,3,1,20000
1566,781,4,1,5000
1567,781,1,1,60000
1568,781,3,1,20000
1569,782,1,1,60000
1570,782,2,1,25000
1571,783,3,2,40000
1572,783,1,1,60000
1573,784,4,1,5000
1574,784,4,2,10000
1575,784,4,2,10000
1576,785,1,1,60000
1577,785,1,1,60000
1578,786,3,1,20000
1579,786,2,1,25000
1580,786,1,1,60000
1581,787,2,1,25000
1582,787,4,2,10000
1583,788,1,1,60000
1584,789,2,1,25000
1585,789,2,2,50000
1586,790,1,1,60000
1587,790,3,2,40000
1588,790,2,1,25000
1589,791,1,2,120000
1590,791,4,2,10000
1591,791,1,2,120000
1592,792,4,1,5000
1593,792,4,2,10000
1594,792,3,2,40000
1595,793,3,2,40000
1596,794,4,2,10000
1597,795,1,1,60000
1598,796,1,2,120000
1599,796,3,1,20000
1600,797,2,1,25000
1601,797,4,2,10000
1602,798,3,2,40000
1603,799,1,2,120000
1604,800,2,2,50000
1605,800,2,1,25000
1606,800,2,2,50000
1607,801,1,2,120000
1608,802,4,1,5000
1609,802,3,1,20000
1610,803,3,1,20000
1611,804,3,2,40000
1612,804,4,2,10000
1613,804,1,2,120000
1614,805,4,1,5000
1615,806,3,1,20000
1616,806,1,1,60000
1617,806,1,2,120000
1618,807,1,1,60000
1619,807,1,2,120000
1620,807,3,2,40000
1621,808,3,1,20000
1622,809,1,2,120000
1623,809,1,2,120000
1624,810,3,2,40000
1625,810,2,2,50000
1626,811,1,2,120000
1627,812,4,1,5000
1628,812,4,1,5000
1629,813,4,2,10000
1630,813,4,1,5000
1631,814,2,1,25000
1632,814,3,2,40000
1633,815,3,1,20000
1634,816,2,2,50000
1635,817,1,2,120000
1636,817,4,1,5000
1637,818,2,2,50000
1638,819,1,2,120000
1639,819,4,2,10000
1640,819,1,2,120000
1641,820,3,2,40000
1642,821,3,1,20000
1643,822,1,1,60000
1644,822,2,2,50000
1645,823,1,1,60000
1646,823,2,2,50000
1647,823,2,1,25000
1648,824,4,1,5000
1649,824,3,2,40000
1650,825,2,2,50000
1651,825,2,1,25000
1652,825,1,2,120000
1653,826,2,1,25000
1654,826,4,2,10000
1655,827,1,2,120000
1656,827,4,1,5000
1657,827,3,1,20000
1658,828,3,1,20000
1659,828,1,1,60000
1660,828,3,2,40000
1661,829,4,1,5000
1662,829,2,2,50000
1663,830,4,1,5000
1664,830,2,2,50000
1665,831,1,1,60000
1666,832,4,1,5000
1667,833,2,1,25000
1668,834,3,1,20000
1669,834,3,1,20000
1670,835,3,2,40000
1671,835,2,2,50000
1672,836,4,1,5000
1673,837,2,2,50000
1674,837,2,1,25000
1675,838,1,2,120000
1676,839,1,2,120000
1677,840,2,2,50000
1678,840,3,1,20000
1679,841,2,1,25000
1680,842,4,1,5000
1681,842,1,2,120000
1682,843,3,1,20000
1683,844,1,1,60000
1684,844,1,2,120000
1685,845,3,2,40000
1686,845,3,1,20000
1687,845,4,2,10000
1688,846,1,2,120000
1689,847,1,1,60000
1690,848,1,2,120000
1691,848,3,2,40000
1692,849,4,1,5000
1693,849,2,2,50000
1694,850,4,2,10000
1695,850,1,2,120000
1696,850,1,2,120000
1697,851,1,2,120000
1698,852,3,1,20000
1699,852,1,2,120000
1700,852,1,1,60000
1701,853,2,1,25000
1702,853,1,1,60000
1703,853,4,1,5000
1704,854,2,2,50000
1705,855,2,1,25000
1706,856,2,1,25000
1707,856,1,2,120000
1708,857,3,2,40000
1709,857,4,1,5000
1710,857,4,1,5000
1711,858,3,2,40000
1712,858,3,1,20000
1713,858,3,1,20000
1714,859,1,2,120000
1715,860,2,2,50000
1716,860,4,2,10000
1717,860,4,2,10000
1718,861,3,2,40000
1719,862,4,1,5000
1720,862,2,1,25000
1721,863,1,1,60000
1722,863,1,2,120000
1723,864,4,2,10000
1724,864,1,2,120000
1725,865,3,1,20000
1726,865,2,2,50000
1727,866,3,2,40000
1728,867,1,1,60000
1729,867,1,1,60000
1730,868,2,2,50000
1731,868,2,2,50000
1732,869,3,2,40000
1733,869,1,1,60000
1734,869,1,2,120000
1735,870,3,1,20000
1736,871,1,2,120000
1737,872,4,1,5000
1738,873,4,2,10000
1739,873,4,1,5000
1740,874,3,1,20000
1741,875,3,2,40000
1742,876,2,2,50000
1743,877,4,2,10000
1744,877,3,1,20000
1745,878,2,2,50000
1746,878,1,2,120000
1747,879,2,1,25000
1748,880,2,1,25000
1749,880,3,2,40000
1750,881,1,2,120000
1751,881,3,2,40000
1752,881,4,1,5000
1753,882,2,1,25000
1754,883,2,1,25000
1755,883,3,1,20000
1756,883,2,2,50000
1757,884,3,1,20000
1758,884,3,2,40000
1759,885,4,2,10000
1760,885,4,1,5000
1761,885,1,1,60000
1762,886,4,1,5000
1763,887,1,1,60000
1764,888,2,1,25000
1765,888,1,2,120000
1766,889,4,2,10000
1767,889,4,1,5000
1768,889,3,1,20000
1769,890,2,2,50000
1770,890,4,1,5000
1771,891,3,2,40000
1772,891,3,2,40000
1773,891,4,2,10000
1774,892,1,1,60000
1775,892,3,2,40000
1776,892,1,1,60000
1777,893,2,2,50000
1778,894,4,1,5000
1779,894,2,2,50000
1780,894,4,2,10000
1781,895,2,1,25000
1782,896,1,1,60000
1783,896,3,2,40000
1784,897,4,1,5000
1785,897,1,1,60000
1786,897,2,2,50000
1787,898,2,2,50000
1788,899,4,2,10000
1789,900,2,2,50000
1790,900,4,1,5000
1791,901,4,2,10000
1792,901,4,1,5000
1793,902,1,1,60000
1794,902,2,2,50000
1795,903,4,2,10000
1796,904,2,2,50000
1797,905,4,2,10000
1798,905,2,2,50000
1799,906,3,1,20000
1800,907,1,2,120000
1801,908,2,2,50000
1802,908,4,1,5000
1803,909,1,1,60000
1804,909,3,1,20000
1805,910,4,1,5000
1806,910,2,1,25000
1807,910,4,1,5000
1808,911,2,2,50000
1809,911,4,2,10000
1810,911,3,1,20000
1811,912,1,1,60000
1812,912,2,1,25000
1813,912,2,2,50000
1814,913,1,1,60000
1815,913,3,2,40000
1816,913,2,1,25000
1817,914,2,1,25000
1818,914,4,2,10000
1819,915,4,2,10000
1820,916,4,2,10000
1821,917,4,1,5000
1822,917,4,2,10000
1823,918,2,1,25000
1824,918,2,2,50000
1825,918,2,2,50000
1826,919,2,1,25000
1827,919,3,1,20000
1828,919,1,2,120000
1829,920,1,1,60000
1830,920,3,1,20000
1831,921,3,2,40000
1832,921,1,2,120000
1833,922,2,1,25000
1834,922,4,1,5000
1835,922,3,2,40000
1836,923,3,2,40000
1837,923,1,2,120000
1838,923,1,2,120000
1839,924,1,1,60000
1840,924,2,1,25000
1841,924,3,2,40000
1842,925,1,2,120000
1843,925,1,2,120000
1844,926,4,1,5000
1845,926,2,1,25000
1846,926,1,2,120000
1847,927,1,2,120000
1848,927,1,2,120000
1849,928,1,2,120000
1850,928,2,2,50000
1851,928,2,1,25000
1852,929,4,2,10000
1853,929,4,2,10000
1854,930,2,2,50000
1855,930,4,1,5000
1856,930,2,2,50000
1857,931,1,2,120000
1858,931,3,2,40000
1859,932,4,2,10000
1860,933,3,1,20000
1861,934,1,1,60000
1862,934,2,1,25000
1863,934,1,2,120000
1864,935,2,1,25000
1865,935,3,1,20000
1866,935,3,1,20000
1867,936,2,1,25000
1868,936,3,1,20000
1869,937,1,2,120000
1870,938,2,1,25000
1871,938,4,2,10000
1872,938,4,2,10000
1873,939,3,1,20000
1874,939,2,1,25000
1875,940,1,2,120000
1876,941,2,2,50000
1877,941,3,1,20000
1878,942,3,1,20000
1879,943,4,2,10000
1880,943,1,2,120000
1881,944,3,1,20000
1882,944,1,1,60000
1883,944,1,1,60000
1884,945,4,1,5000
1885,945,4,2,10000
1886,945,4,2,10000
1887,946,1,1,60000
1888,946,4,1,5000
1889,947,4,2,10000
1890,947,2,1,25000
1891,948,3,1,20000
1892,948,3,2,40000
1893,949,2,2,50000
1894,950,2,1,25000
1895,950,1,2,120000
1896,950,2,2,50000
1897,951,2,2,50000
1898,951,2,1,25000
1899,951,4,1,5000
1900,952,3,2,40000
1901,952,3,2,40000
1902,953,1,2,120000
1903,953,4,1,5000
1904,953,4,2,10000
1905,954,4,1,5000
1906,954,3,2,40000
1907,955,4,2,10000
1908,956,2,1,25000
1909,957,4,2,10000
1910,957,1,2,120000
1911,957,1,2,120000
1912,958,4,2,10000
1913,959,4,2,10000
1914,959,1,1,60000
1915,959,4,2,10000
1916,960,3,2,40000
1917,960,3,1,20000
1918,961,4,1,5000
1919,961,1,2,120000
1920,961,1,1,60000
1921,962,1,1,60000
1922,963,2,2,50000
1923,964,3,1,20000
1924,964,4,2,10000
1925,964,3,1,20000
1926,965,1,2,120000
1927,966,4,1,5000
1928,966,3,2,40000
1929,967,1,2,120000
1930,967,3,1,20000
1931,968,2,1,25000
1932,969,1,1,60000
1933,970,3,1,20000
1934,970,4,1,5000
1935,971,4,1,5000
1936,971,2,2,50000
1937,971,2,2,50000
1938,972,2,2,50000
1939,972,1,1,60000
1940,972,4,1,5000
1941,973,1,1,60000
1942,973,3,1,20000
1943,973,1,1,60000
1944,974,2,2,50000
1945,974,1,2,120000
1946,975,4,2,10000
1947,976,1,2,120000
1948,977,1,1,60000
1949,978,3,2,40000
1950,978,2,1,25000
1951,979,4,2,10000
1952,979,2,1,25000
1953,980,4,2,10000
1954,981,4,1,5000
1955,981,4,2,10000
1956,981,4,1,5000
1957,982,4,2,10000
1958,983,4,2,10000
1959,984,3,1,20000
1960,985,3,2,40000
1961,986,4,1,5000
1962,987,2,2,50000
1963,987,3,1,20000
1964,988,1,1,60000
1965,988,1,2,120000
1966,988,3,2,40000
1967,989,1,1,60000
1968,989,3,2,40000
1969,990,3,2,40000
1970,991,2,1,25000
1971,991,3,1,20000
1972,992,2,2,50000
1973,992,3,1,20000
1974,993,1,2,120000
1975,993,2,1,25000
1976,994,4,1,5000
1977,994,3,2,40000
1978,994,1,2,120000
1979,995,3,2,40000
1980,996,2,1,25000
1981,996,3,1,20000
1982,997,2,1,25000
1983,997,3,2,40000
1984,998,4,2,10000
1985,998,3,2,40000
1986,999,3,2,40000
1987,999,1,2,120000
1988,1000,3,1,20000
1989,1000,4,2,10000
1990,1000,2,1,25000
1991,1001,2,1,25000
1992,1002,1,2,120000
1993,1002,1,1,60000
1994,1002,1,1,60000
1995,1003,2,1,25000
1996,1004,2,2,50000
1997,1004,3,2,40000
1998,1004,2,2,50000
1999,1005,4,1,5000
2000,1005,2,1,25000
2001,1006,4,2,10000
2002,1006,2,2,50000
2003,1007,3,2,40000
2004,1008,1,2,120000
2005,1008,4,2,10000
2006,1009,4,2,10000
2007,1010,1,2,120000
2008,1010,1,2,120000
2009,1011,1,2,120000
2010,1011,2,1,25000
2011,1011,4,1,5000
2012,1012,3,1,20000
2013,1012,3,2,40000
2014,1013,1,1,60000
2015,1013,2,1,25000
2016,1013,4,2,10000
2017,1014,4,2,10000
2018,1014,2,2,50000
2019,1014,4,2,10000
2020,1015,4,2,10000
2021,1016,4,2,10000
2022,1016,4,2,10000
2023,1016,1,1,60000
2024,1017,4,2,10000
2025,1018,1,2,120000
2026,1018,1,2,120000
2027,1018,4,2,10000
2028,1019,4,2,10000
2029,1020,4,1,5000
2030,1021,4,2,10000
2031,1022,2,2,50000
2032,1023,1,2,120000
2033,1023,1,1,60000
2034,1023,2,1,25000
2035,1024,4,1,5000
2036,1025,4,2,10000
2037,1025,2,1,25000
2038,1026,1,1,60000
2039,1027,2,1,25000
2040,1027,2,2,50000
2041,1028,4,1,5000
2042,1028,2,1,25000
2043,1029,4,2,10000
2044,1030,1,2,120000
2045,1031,4,1,5000
2046,1031,4,2,10000
2047,1032,3,2,40000
2048,1032,1,2,120000
2049,1032,1,2,120000
2050,1033,1,2,120000
2051,1034,3,2,40000
2052,1035,3,2,40000
2053,1035,2,2,50000
2054,1035,3,2,40000
2055,1036,1,2,120000
2056,1037,1,2,120000
2057,1037,4,1,5000
2058,1037,4,1,5000
2059,1038,2,1,25000
2060,1039,3,1,20000
2061,1039,4,1,5000
2062,1040,3,1,20000
2063,1040,3,1,20000
2064,1040,1,1,60000
2065,1041,1,2,120000
2066,1042,4,1,5000
2067,1042,4,2,10000
2068,1042,1,2,120000
2069,1043,3,1,20000
2070,1043,3,1,20000
2071,1043,1,1,60000
2072,1044,2,2,50000
2073,1045,2,1,25000
2074,1045,3,2,40000
2075,1046,3,2,40000
2076,1046,3,2,40000
2077,1046,4,2,10000
2078,1047,4,1,5000
2079,1047,1,2,120000
2080,1047,4,1,5000
2081,1048,3,2,40000
2082,1048,4,2,10000
2083,1049,3,2,40000
2084,1049,2,1,25000
2085,1050,1,2,120000
2086,1051,2,1,25000
2087,1051,2,1,25000
2088,1051,1,2,120000
2089,1052,1,2,120000
2090,1052,1,1,60000
2091,1052,4,2,10000
2092,1053,3,2,40000
2093,1053,1,2,120000
2094,1053,2,1,25000
2095,1054,4,2,10000
2096,1054,2,1,25000
2097,1054,3,1,20000
2098,1055,3,1,20000
2099,1055,4,1,5000
2100,1056,4,1,5000
2101,1057,2,1,25000
2102,1057,1,2,120000
2103,1057,4,2,10000
2104,1058,4,2,10000
2105,1059,4,1,5000
2106,1059,3,2,40000
2107,1060,1,2,120000
2108,1061,1,2,120000
2109,1061,4,2,10000
2110,1061,4,2,10000
2111,1062,3,2,40000
2112,1062,1,1,60000
2113,1062,1,2,120000
2114,1063,4,2,10000
2115,1063,1,1,60000
2116,1064,1,1,60000
2117,1065,4,2,10000
2118,1065,1,2,120000
2119,1065,4,2,10000
2120,1066,1,2,120000
2121,1067,4,2,10000
2122,1067,1,2,120000
2123,1067,1,2,120000
2124,1068,2,1,25000
2125,1068,1,2,120000
2126,1068,4,2,10000
2127,1069,3,1,20000
2128,1070,2,1,25000
2129,1071,3,2,40000
2130,1071,2,2,50000
2131,1071,2,2,50000
2132,1072,1,1,60000
2133,1072,3,1,20000
2134,1073,1,1,60000
2135,1073,2,2,50000
2136,1074,4,1,5000
2137,1075,3,2,40000
2138,1075,4,2,10000
2139,1075,2,2,50000
2140,1076,4,2,10000
2141,1077,4,1,5000
2142,1078,2,2,50000
2143,1079,4,2,10000
2144,1079,4,2,10000
2145,1079,1,2,120000
2146,1080,2,1,25000
2147,1080,4,2,10000
2148,1081,1,1,60000
2149,1081,2,1,25000
2150,1081,1,2,120000
2151,1082,3,1,20000
2152,1083,3,1,20000
2153,1084,2,2,50000
2154,1084,4,2,10000
2155,1084,4,1,5000
2156,1085,3,1,20000
2157,1085,2,2,50000
2158,1085,4,2,10000
2159,1086,3,2,40000
2160,1086,3,2,40000
2161,1086,2,2,50000
2162,1087,4,2,10000
2163,1087,3,2,40000
2164,1087,1,1,60000
2165,1088,1,2,120000
2166,1088,2,2,50000
2167,1088,2,1,25000
2168,1089,3,1,20000
2169,1090,4,1,5000
2170,1091,1,1,60000
2171,1092,3,1,20000
2172,1092,2,1,25000
2173,1092,4,2,10000
2174,1093,2,1,25000
2175,1094,1,2,120000
2176,1094,4,1,5000
2177,1094,4,2,10000
2178,1095,2,2,50000
2179,1096,1,2,120000
2180,1096,4,1,5000
2181,1097,3,2,40000
2182,1097,3,1,20000
2183,1097,1,1,60000
2184,1098,2,1,25000
2185,1098,4,2,10000
2186,1099,4,2,10000
2187,1100,1,2,120000
2188,1100,3,2,40000
2189,1100,3,2,40000
2190,1101,1,2,120000
2191,1101,3,2,40000
2192,1102,4,1,5000
2193,1103,1,2,120000
2194,1103,1,1,60000
2195,1104,1,2,120000
2196,1104,2,2,50000
2197,1105,4,2,10000
2198,1105,1,2,120000
2199,1106,2,1,25000
2200,1106,3,2,40000
2201,1107,4,2,10000
2202,1108,2,2,50000
2203,1109,2,2,50000
2204,1110,4,2,10000
2205,1110,1,1,60000
2206,1111,3,1,20000
2207,1111,4,1,5000
2208,1112,1,2,120000
2209,1112,1,2,120000
2210,1112,1,1,60000
2211,1113,1,1,60000
2212,1114,2,2,50000
2213,1115,1,1,60000
2214,1116,2,2,50000
2215,1116,2,2,50000
2216,1117,2,1,25000
2217,1117,4,1,5000
2218,1117,3,2,40000
2219,1118,4,2,10000
2220,1118,4,1,5000
2221,1118,2,2,50000
2222,1119,3,2,40000
2223,1119,2,1,25000
2224,1119,2,2,50000
2225,1120,3,1,20000
2226,1121,3,1,20000
2227,1121,1,1,60000
2228,1122,4,2,10000
2229,1122,3,1,20000
2230,1122,3,2,40000
2231,1123,2,1,25000
2232,1124,4,1,5000
2233,1124,3,1,20000
2234,1125,3,1,20000
2235,1125,4,1,5000
2236,1126,4,2,10000
2237,1127,4,2,10000
2238,1127,1,1,60000
2239,1128,2,2,50000
2240,1128,1,1,60000
2241,1129,4,2,10000
2242,1130,2,1,25000
2243,1131,1,2,120000
2244,1131,1,1,60000
2245,1132,3,1,20000
2246,1133,1,1,60000
2247,1134,1,1,60000
2248,1135,4,1,5000
2249,1136,2,1,25000
2250,1137,1,2,120000
2251,1137,2,1,25000
2252,1138,3,1,20000
2253,1139,3,1,20000
2254,1139,4,2,10000
2255,1140,4,1,5000
2256,1140,3,2,40000
2257,1141,3,2,40000
2258,1141,3,1,20000
2259,1142,3,1,20000
2260,1142,3,1,20000
2261,1142,2,2,50000
2262,1143,4,1,5000
2263,1143,4,2,10000
2264,1144,4,2,10000
2265,1144,3,1,20000
2266,1144,3,1,20000
2267,1145,3,2,40000
2268,1145,3,2,40000
2269,1146,4,1,5000
2270,1146,4,2,10000
2271,1147,4,2,10000
2272,1148,3,2,40000
2273,1148,3,2,40000
2274,1149,2,1,25000
2275,1150,1,2,120000
2276,1151,4,1,5000
2277,1151,2,1,25000
2278,1152,3,2,40000
2279,1153,1,2,120000
2280,1154,1,2,120000
2281,1154,1,2,120000
2282,1155,1,1,60000
2283,1156,2,2,50000
2284,1156,3,1,20000
2285,1156,2,2,50000
2286,1157,2,2,50000
2287,1158,3,1,20000
2288,1158,3,2,40000
2289,1159,2,1,25000
2290,1160,2,2,50000
2291,1160,1,2,120000
2292,1161,4,1,5000
2293,1162,4,2,10000
2294,1162,3,1,20000
2295,1163,4,2,10000
2296,1164,4,2,10000
2297,1165,4,1,5000
2298,1166,2,1,25000
2299,1167,1,1,60000
2300,1168,1,1,60000
2301,1168,4,1,5000
2302,1168,4,2,10000
2303,1169,4,1,5000
2304,1170,3,2,40000
2305,1171,1,2,120000
2306,1172,1,2,120000
2307,1172,1,1,60000
2308,1173,1,1,60000
2309,1173,4,1,5000
2310,1173,4,2,10000
2311,1174,4,2,10000
2312,1174,3,1,20000
2313,1175,4,1,5000
2314,1175,2,2,50000
2315,1176,2,2,50000
2316,1177,1,1,60000
2317,1177,4,1,5000
2318,1178,4,1,5000
2319,1178,4,1,5000
2320,1178,3,1,20000
2321,1179,4,2,10000
2322,1180,2,2,50000
2323,1180,1,1,60000
2324,1181,1,2,120000
2325,1181,1,2,120000
2326,1182,3,1,20000
2327,1183,3,1,20000
2328,1183,4,1,5000
2329,1184,3,2,40000
2330,1185,3,1,20000
2331,1185,1,1,60000
2332,1186,3,2,40000
2333,1186,2,1,25000
2334,1187,4,1,5000
2335,1188,1,1,60000
2336,1189,2,2,50000
2337,1189,3,1,20000
2338,1190,4,2,10000
2339,1191,2,1,25000
2340,1192,4,2,10000
2341,1192,1,2,120000
2342,1193,2,2,50000
2343,1194,3,1,20000
2344,1194,1,1,60000
2345,1194,4,1,5000
2346,1195,4,1,5000
2347,1195,3,2,40000
2348,1195,1,2,120000
2349,1196,4,1,5000
2350,1196,2,1,25000
2351,1197,3,1,20000
2352,1198,3,1,20000
2353,1198,2,1,25000
2354,1199,3,2,40000
2355,1199,2,2,50000
2356,1199,2,1,25000
2357,1200,4,2,10000
2358,1201,3,2,40000
2359,1201,2,1,25000
2360,1201,3,2,40000
2361,1202,4,2,10000
2362,1203,2,2,50000
2363,1203,3,2,40000
2364,1203,1,2,120000
2365,1204,1,2,120000
2366,1205,2,1,25000
2367,1205,4,1,5000
2368,1206,3,2,40000
2369,1206,4,2,10000
2370,1207,4,2,10000
2371,1207,2,2,50000
2372,1208,3,2,40000
2373,1208,2,2,50000
2374,1209,2,2,50000
2375,1209,3,1,20000
2376,1210,4,1,5000
2377,1211,1,1,60000
2378,1212,3,2,40000
2379,1212,1,2,120000
2380,1212,4,1,5000
2381,1213,2,1,25000
2382,1214,2,1,25000
2383,1214,4,1,5000
2384,1214,2,1,25000
2385,1215,2,1,25000
2386,1215,4,2,10000
2387,1216,2,2,50000
2388,1216,3,1,20000
2389,1216,4,2,10000
2390,1217,2,1,25000
2391,1217,2,1,25000
2392,1218,3,2,40000
2393,1218,4,2,10000
2394,1219,1,2,120000
2395,1219,4,1,5000
2396,1220,4,1,5000
2397,1221,2,2,50000
2398,1221,3,1,20000
2399,1222,2,1,25000
2400,1223,4,2,10000
2401,1223,3,2,40000
2402,1223,3,2,40000
2403,1224,1,2,120000
2404,1224,3,1,20000
2405,1224,2,2,50000
2406,1225,4,1,5000
2407,1225,4,2,10000
2408,1226,1,1,60000
2409,1227,1,2,120000
2410,1228,1,1,60000
2411,1229,2,2,50000
2412,1230,4,2,10000
2413,1231,4,2,10000
2414,1232,3,1,20000
2415,1233,4,2,10000
2416,1233,4,1,5000
2417,1233,1,1,60000
2418,1234,4,2,10000
2419,1234,4,2,10000
2420,1235,4,1,5000
2421,1235,3,2,40000
2422,1235,2,1,25000
2423,1236,2,2,50000
2424,1236,1,1,60000
2425,1236,1,1,60000
2426,1237,3,2,40000
2427,1237,4,2,10000
2428,1238,4,2,10000
2429,1238,3,1,20000
2430,1239,2,2,50000
2431,1239,2,1,25000
2432,1239,1,2,120000
2433,1240,1,2,120000
2434,1241,2,2,50000
2435,1242,1,1,60000
2436,1243,4,2,10000
2437,1243,2,2,50000
2438,1243,1,2,120000
2439,1244,2,2,50000
2440,1245,1,1,60000
2441,1245,4,1,5000
2442,1246,4,2,10000
2443,1247,1,2,120000
2444,1248,3,2,40000
2445,1248,2,1,25000
2446,1249,2,2,50000
2447,1250,1,1,60000
2448,1251,3,1,20000
2449,1252,2,1,25000
2450,1252,1,1,60000
2451,1252,1,1,60000
2452,1253,4,1,5000
2453,1253,4,1,5000
2454,1254,3,2,40000
2455,1254,4,2,10000
2456,1254,4,1,5000
2457,1255,2,1,25000
2458,1255,2,1,25000
2459,1255,4,1,5000
2460,1256,1,2,120000
2461,1257,3,2,40000
2462,1258,4,2,10000
2463,1259,2,2,50000
2464,1259,1,1,60000
2465,1259,1,2,120000
2466,1260,1,1,60000
2467,1260,4,1,5000
2468,1260,2,2,50000
2469,1261,2,2,50000
2470,1262,1,1,60000
2471,1262,1,2,120000
2472,1262,2,1,25000
2473,1263,3,2,40000
2474,1264,4,1,5000
2475,1264,1,1,60000
2476,1264,3,2,40000
2477,1265,1,2,120000
2478,1265,3,2,40000
2479,1266,2,1,25000
2480,1267,4,1,5000
2481,1267,2,2,50000
2482,1268,2,2,50000
2483,1269,3,1,20000
2484,1270,4,1,5000
2485,1270,2,2,50000
2486,1271,3,2,40000
2487,1272,3,1,20000
2488,1273,3,1,20000
2489,1273,3,1,20000
2490,1274,1,1,60000
2491,1274,1,2,120000
2492,1274,3,2,40000
2493,1275,3,1,20000
2494,1275,2,2,50000
2495,1276,3,2,40000
2496,1276,1,2,120000
2497,1276,2,1,25000
2498,1277,3,2,40000
2499,1278,2,1,25000
2500,1278,1,1,60000
2501,1278,2,1,25000
2502,1279,4,1,5000
2503,1279,2,1,25000
2504,1279,4,2,10000
2505,1280,3,1,20000
2506,1281,3,2,40000
2507,1282,2,2,50000
2508,1283,2,1,25000
2509,1283,4,2,10000
2510,1284,1,2,120000
2511,1284,2,1,25000
2512,1285,4,1,5000
2513,1285,2,2,50000
2514,1285,1,1,60000
2515,1286,3,1,20000
2516,1286,4,1,5000
2517,1287,1,1,60000
2518,1287,4,1,5000
2519,1288,2,1,25000
2520,1289,2,2,50000
2521,1289,4,1,5000
2522,1290,4,2,10000
2523,1290,1,2,120000
2524,1291,1,1,60000
2525,1292,2,2,50000
2526,1293,2,1,25000
2527,1293,1,2,120000
2528,1293,4,2,10000
2529,1294,2,2,50000
2530,1295,1,2,120000
2531,1295,4,1,5000
2532,1295,3,1,20000
2533,1296,2,1,25000
2534,1297,2,2,50000
2535,1298,3,1,20000
2536,1299,2,1,25000
2537,1299,2,1,25000
2538,1299,4,1,5000
2539,1300,2,1,25000
2540,1300,1,1,60000
2541,1301,1,1,60000
2542,1302,4,2,10000
2543,1303,3,2,40000
2544,1304,4,1,5000
2545,1304,3,1,20000
2546,1304,2,2,50000
2547,1305,1,2,120000
2548,1306,2,2,50000
2549,1306,3,2,40000
2550,1306,2,2,50000
2551,1307,3,1,20000
2552,1308,1,1,60000
2553,1309,4,2,10000
2554,1310,2,1,25000
2555,1311,1,2,120000
2556,1312,2,2,50000
2557,1313,1,2,120000
2558,1314,2,1,25000
2559,1315,3,2,40000
2560,1315,3,1,20000
2561,1315,1,1,60000
2562,1316,4,2,10000
2563,1316,4,1,5000
2564,1317,2,1,25000
2565,1317,4,1,5000
2566,1318,4,1,5000
2567,1319,1,2,120000
2568,1320,3,2,40000
2569,1320,4,1,5000
2570,1321,2,1,25000
2571,1322,4,2,10000
2572,1322,3,1,20000
2573,1322,2,1,25000
2574,1323,1,2,120000
2575,1324,1,1,60000
2576,1324,3,2,40000
2577,1325,1,1,60000
2578,1325,1,1,60000
2579,1326,4,1,5000
2580,1327,2,2,50000
2581,1328,2,1,25000
2582,1328,3,1,20000
2583,1329,3,1,20000
2584,1329,3,1,20000
2585,1330,4,1,5000
2586,1330,3,1,20000
2587,1331,4,1,5000
2588,1332,4,2,10000
2589,1332,2,2,50000
2590,1332,4,1,5000
2591,1333,2,2,50000
2592,1334,3,1,20000
2593,1335,3,2,40000
2594,1335,2,2,50000
2595,1335,4,1,5000
2596,1336,4,1,5000
2597,1337,2,2,50000
2598,1337,4,1,5000
2599,1338,3,1,20000
2600,1338,1,1,60000
2601,1339,2,2,50000
2602,1339,2,2,50000
2603,1340,4,1,5000
2604,1340,2,1,25000
2605,1341,2,1,25000
2606,1342,2,1,25000
2607,1342,3,2,40000
2608,1342,4,1,5000
2609,1343,2,1,25000
2610,1343,2,2,50000
2611,1344,1,1,60000
2612,1344,2,1,25000
2613,1344,4,1,5000
2614,1345,2,2,50000
2615,1345,4,1,5000
2616,1345,4,1,5000
2617,1346,4,1,5000
2618,1347,2,1,25000
2619,1347,2,1,25000
2620,1347,3,1,20000
2621,1348,3,1,20000
2622,1349,2,2,50000
2623,1349,3,1,20000
2624,1349,2,1,25000
2625,1350,1,2,120000
2626,1350,2,1,25000
2627,1350,1,2,120000
2628,1351,1,1,60000
2629,1352,3,2,40000
2630,1352,4,1,5000
2631,1353,1,1,60000
2632,1353,3,2,40000
2633,1353,1,1,60000
2634,1354,1,2,120000
2635,1354,3,2,40000
2636,1355,3,2,40000
2637,1355,3,2,40000
2638,1355,3,1,20000
2639,1356,4,2,10000
2640,1357,3,2,40000
2641,1357,1,2,120000
2642,1358,2,1,25000
2643,1358,4,2,10000
2644,1358,2,1,25000
2645,1359,3,1,20000
2646,1359,3,1,20000
2647,1360,4,1,5000
2648,1360,3,2,40000
2649,1360,3,2,40000
2650,1361,4,2,10000
2651,1361,4,1,5000
2652,1361,2,1,25000
2653,1362,3,1,20000
2654,1363,4,2,10000
2655,1363,4,2,10000
2656,1364,3,1,20000
2657,1365,4,2,10000
2658,1366,2,2,50000
2659,1366,2,1,25000
2660,1367,3,1,20000
2661,1367,4,2,10000
2662,1368,2,2,50000
2663,1369,4,2,10000
2664,1370,2,1,25000
2665,1370,3,1,20000
2666,1371,1,1,60000
2667,1371,2,1,25000
2668,1372,3,2,40000
2669,1372,3,2,40000
2670,1373,4,2,10000
2671,1373,1,2,120000
2672,1373,4,2,10000
2673,1374,4,1,5000
2674,1374,2,1,25000
2675,1375,2,1,25000
2676,1376,3,2,40000
2677,1376,1,2,120000
2678,1377,4,2,10000
2679,1377,2,1,25000
2680,1377,2,2,50000
2681,1378,1,1,60000
2682,1378,1,2,120000
2683,1379,2,1,25000
2684,1379,1,1,60000
2685,1380,4,1,5000
2686,1380,2,1,25000
2687,1380,3,1,20000
2688,1381,3,2,40000
2689,1381,4,1,5000
2690,1381,4,1,5000
2691,1382,2,1,25000
2692,1383,1,1,60000
2693,1384,3,1,20000
2694,1384,2,1,25000
2695,1384,2,2,50000
2696,1385,4,2,10000
2697,1386,1,1,60000
2698,1386,4,1,5000
2699,1386,3,1,20000
2700,1387,1,1,60000
2701,1388,2,1,25000
2702,1388,2,2,50000
2703,1389,1,1,60000
2704,1389,2,1,25000
2705,1389,3,2,40000
2706,1390,4,2,10000
2707,1390,1,1,60000
2708,1390,4,2,10000
2709,1391,1,1,60000
2710,1391,3,2,40000
2711,1392,3,1,20000
2712,1392,4,2,10000
2713,1392,3,2,40000
2714,1393,4,2,10000
2715,1393,1,1,60000
2716,1393,2,1,25000
2717,1394,4,1,5000
2718,1394,2,1,25000
2719,1395,2,1,25000
2720,1395,4,1,5000
2721,1396,3,1,20000
2722,1396,3,2,40000
2723,1397,1,1,60000
2724,1397,4,1,5000
2725,1397,1,1,60000
2726,1398,4,2,10000
2727,1399,4,2,10000
2728,1400,4,2,10000
2729,1401,1,2,120000
2730,1401,3,2,40000
2731,1402,3,1,20000
2732,1402,3,2,40000
2733,1403,1,1,60000
2734,1404,4,1,5000
2735,1404,4,1,5000
2736,1404,1,2,120000
2737,1405,3,2,40000
2738,1405,3,1,20000
2739,1405,3,1,20000
2740,1406,4,1,5000
2741,1406,2,2,50000
2742,1406,2,2,50000
2743,1407,4,2,10000
2744,1407,2,2,50000
2745,1407,3,1,20000
2746,1408,3,1,20000
2747,1409,3,2,40000
2748,1410,3,2,40000
2749,1410,2,1,25000
2750,1410,1,2,120000
2751,1411,4,1,5000
2752,1411,2,2,50000
2753,1412,3,2,40000
2754,1412,2,1,25000
2755,1413,1,1,60000
2756,1413,3,2,40000
2757,1414,4,2,10000
2758,1415,1,2,120000
2759,1416,4,2,10000
2760,1416,4,1,5000
2761,1417,3,2,40000
2762,1417,3,2,40000
2763,1418,1,1,60000
2764,1418,4,2,10000
2765,1419,2,1,25000
2766,1419,4,1,5000
2767,1420,4,1,5000
2768,1420,4,1,5000
2769,1421,3,1,20000
2770,1421,3,1,20000
2771,1422,3,1,20000
2772,1423,3,1,20000
2773,1423,1,1,60000
2774,1424,2,1,25000
2775,1424,2,2,50000
2776,1424,4,2,10000
2777,1425,1,2,120000
2778,1425,1,1,60000
2779,1425,4,1,5000
2780,1426,4,2,10000
2781,1427,4,1,5000
2782,1427,4,2,10000
2783,1427,1,1,60000
2784,1428,3,1,20000
2785,1428,2,1,25000
2786,1428,2,1,25000
2787,1429,2,1,25000
2788,1430,2,1,25000
2789,1431,3,2,40000
2790,1431,3,1,20000
2791,1432,3,2,40000
2792,1432,2,2,50000
2793,1433,3,1,20000
2794,1433,3,1,20000
2795,1433,3,2,40000
2796,1434,4,1,5000
2797,1435,2,2,50000
2798,1435,3,2,40000
2799,1435,1,1,60000
2800,1436,3,1,20000
2801,1437,2,1,25000
2802,1437,3,1,20000
2803,1438,4,2,10000
2804,1438,1,1,60000
2805,1438,2,1,25000
2806,1439,4,2,10000
2807,1440,4,2,10000
2808,1440,3,2,40000
2809,1441,2,1,25000
2810,1442,1,2,120000
2811,1442,1,2,120000
2812,1442,3,2,40000
2813,1443,2,2,50000
2814,1444,1,2,120000
2815,1444,1,1,60000
2816,1445,4,1,5000
2817,1445,1,2,120000
2818,1446,3,1,20000
2819,1446,3,2,40000
2820,1446,2,1,25000
2821,1447,2,2,50000
2822,1447,1,2,120000
2823,1448,3,2,40000
2824,1449,4,2,10000
2825,1449,2,1,25000
2826,1449,3,1,20000
2827,1450,3,1,20000
2828,1450,4,2,10000
2829,1451,3,2,40000
2830,1451,4,2,10000
2831,1451,2,1,25000
2832,1452,3,2,40000
2833,1452,1,2,120000
2834,1452,2,1,25000
2835,1453,2,2,50000
2836,1453,4,2,10000
2837,1454,3,1,20000
2838,1455,3,2,40000
2839,1456,3,1,20000
2840,1456,4,1,5000
2841,1457,3,1,20000
2842,1457,1,2,120000
2843,1457,4,1,5000
2844,1458,4,1,5000
2845,1459,3,2,40000
2846,1459,4,2,10000
2847,1459,3,1,20000
2848,1460,4,1,5000
2849,1461,3,1,20000
2850,1462,3,1,20000
2851,1462,4,1,5000
2852,1463,4,2,10000
2853,1463,1,2,120000
2854,1463,4,2,10000
2855,1464,1,1,60000
2856,1464,2,2,50000
2857,1464,3,2,40000
2858,1465,4,1,5000
2859,1466,2,2,50000
2860,1466,1,1,60000
2861,1466,2,1,25000
2862,1467,3,2,40000
2863,1467,4,2,10000
2864,1467,2,2,50000
2865,1468,4,1,5000
2866,1468,2,1,25000
2867,1469,1,2,120000
2868,1469,1,1,60000
2869,1470,1,2,120000
2870,1471,1,2,120000
2871,1471,2,1,25000
2872,1471,2,1,25000
2873,1472,3,2,40000
2874,1472,3,1,20000
2875,1472,2,2,50000
2876,1473,2,1,25000
2877,1473,3,1,20000
2878,1474,3,2,40000
2879,1474,4,2,10000
2880,1475,2,1,25000
2881,1475,2,2,50000
2882,1475,4,2,10000
2883,1476,4,1,5000
2884,1476,1,1,60000
2885,1476,3,1,20000
2886,1477,1,1,60000
2887,1477,4,2,10000
2888,1477,3,2,40000
2889,1478,1,1,60000
2890,1479,4,2,10000
2891,1480,2,2,50000
2892,1480,4,1,5000
2893,1480,4,2,10000
2894,1481,3,1,20000
2895,1482,1,2,120000
2896,1483,2,1,25000
2897,1484,1,2,120000
2898,1484,4,1,5000
2899,1484,4,1,5000
2900,1485,2,1,25000
2901,1485,4,2,10000
2902,1486,4,2,10000
2903,1486,2,2,50000
2904,1487,2,2,50000
2905,1487,4,1,5000
2906,1487,1,2,120000
2907,1488,2,1,25000
2908,1489,2,1,25000
2909,1489,2,1,25000
2910,1489,1,1,60000
2911,1490,1,1,60000
2912,1491,1,1,60000
2913,1492,1,1,60000
2914,1492,3,2,40000
2915,1493,4,1,5000
2916,1494,1,1,60000
2917,1494,2,1,25000
2918,1495,2,2,50000
2919,1495,2,1,25000
2920,1495,4,1,5000
2921,1496,3,2,40000
2922,1496,1,2,120000
2923,1496,4,2,10000
2924,1497,4,2,10000
2925,1498,2,2,50000
2926,1498,2,1,25000
2927,1499,4,1,5000
2928,1499,2,1,25000
2929,1499,1,2,120000
2930,1500,2,1,25000
2931,1500,2,1,25000
2932,1500,3,1,20000
2933,1501,4,2,10000
2934,1502,3,1,20000
2935,1503,4,1,5000
2936,1504,4,1,5000
2937,1505,3,1,20000
2938,1505,4,1,5000
2939,1506,2,1,25000
2940,1506,1,1,60000
2941,1506,3,2,40000
2942,1507,1,1,60000
2943,1507,4,1,5000
2944,1508,2,2,50000
2945,1508,2,1,25000
2946,1508,1,1,60000
2947,1509,2,1,25000
2948,1510,2,2,50000
2949,1511,1,2,120000
2950,1512,3,1,20000
2951,1512,1,2,120000
2952,1513,4,2,10000
2953,1514,1,2,120000
2954,1515,4,1,5000
2955,1515,1,1,60000
2956,1515,1,1,60000
2957,1516,4,1,5000
2958,1516,1,1,60000
2959,1516,3,1,20000
2960,1517,2,2,50000
2961,1518,1,2,120000
2962,1518,4,1,5000
2963,1519,1,1,60000
2964,1520,1,1,60000
2965,1520,4,2,10000
2966,1521,3,2,40000
2967,1521,3,1,20000
2968,1521,4,1,5000
2969,1522,1,1,60000
2970,1522,1,2,120000
2971,1523,2,2,50000
2972,1523,3,1,20000
2973,1524,3,1,20000
2974,1525,2,1,25000
2975,1525,1,1,60000
2976,1526,1,2,120000
2977,1526,2,2,50000
2978,1526,3,1,20000
2979,1527,2,2,50000
2980,1528,4,2,10000
2981,1528,2,1,25000
2982,1529,3,2,40000
2983,1529,4,1,5000
2984,1529,3,2,40000
2985,1530,4,2,10000
2986,1531,2,2,50000
2987,1531,1,1,60000
2988,1532,3,1,20000
2989,1533,2,2,50000
2990,1534,3,2,40000
2991,1534,3,2,40000
2992,1534,1,2,120000
2993,1535,2,1,25000
2994,1535,2,2,50000
2995,1536,4,2,10000
2996,1536,3,2,40000
2997,1536,1,1,60000
2998,1537,2,2,50000
2999,1537,1,1,60000
3000,1538,1,1,60000
3001,1538,4,2,10000
3002,1539,2,2,50000
3003,1539,4,2,10000
3004,1539,2,2,50000
3005,1540,4,2,10000
3006,1540,1,2,120000
3007,1540,1,1,60000
3008,1541,2,2,50000
3009,1541,1,2,120000
3010,1542,4,1,5000
3011,1542,3,2,40000
3012,1542,2,2,50000
3013,1543,3,1,20000
3014,1543,3,1,20000
3015,1544,3,1,20000
3016,1544,3,1,20000
3017,1545,1,2,120000
3018,1546,4,2,10000
3019,1546,1,2,120000
3020,1546,1,2,120000
3021,1547,4,1,5000
3022,1547,2,1,25000
3023,1548,4,1,5000
3024,1548,4,1,5000
3025,1548,4,1,5000
3026,1549,4,1,5000
3027,1549,3,1,20000
3028,1549,3,2,40000
3029,1550,4,2,10000
3030,1550,1,1,60000
3031,1551,2,1,25000
3032,1551,3,1,20000
3033,1551,4,1,5000
3034,1552,1,2,120000
3035,1553,1,2,120000
3036,1553,3,2,40000
3037,1553,3,2,40000
3038,1554,1,2,120000
3039,1554,4,1,5000
3040,1555,4,2,10000
3041,1556,2,2,50000
3042,1556,3,1,20000
3043,1556,1,2,120000
3044,1557,1,1,60000
3045,1557,1,2,120000
3046,1558,1,2,120000
3047,1558,3,2,40000
3048,1559,2,2,50000
3049,1559,1,1,60000
3050,1559,1,1,60000
3051,1560,1,1,60000
3052,1561,4,2,10000
3053,1562,1,2,120000
3054,1563,1,2,120000
3055,1563,2,1,25000
3056,1564,2,1,25000
3057,1565,1,1,60000
3058,1565,4,1,5000
3059,1565,4,2,10000
3060,1566,3,1,20000
3061,1567,2,2,50000
3062,1568,1,1,60000
3063,1568,3,1,20000
3064,1568,2,1,25000
3065,1569,1,2,120000
3066,1570,2,2,50000
3067,1571,3,1,20000
3068,1571,2,1,25000
3069,1572,3,1,20000
3070,1572,2,1,25000
3071,1573,3,1,20000
3072,1573,2,1,25000
3073,1574,4,2,10000
3074,1574,4,2,10000
3075,1575,1,2,120000
3076,1575,4,1,5000
3077,1575,1,1,60000
3078,1576,1,2,120000
3079,1576,2,2,50000
3080,1577,3,2,40000
3081,1577,3,2,40000
3082,1578,1,2,120000
3083,1579,1,1,60000
3084,1580,1,1,60000
3085,1580,1,2,120000
3086,1581,2,2,50000
3087,1581,3,2,40000
3088,1581,4,1,5000
3089,1582,1,2,120000
3090,1583,3,1,20000
3091,1583,2,2,50000
3092,1584,2,2,50000
3093,1584,1,2,120000
3094,1584,2,1,25000
3095,1585,4,2,10000
3096,1586,2,2,50000
3097,1586,2,1,25000
3098,1587,3,2,40000
3099,1587,4,1,5000
3100,1587,2,2,50000
3101,1588,1,1,60000
3102,1588,1,1,60000
3103,1589,2,1,25000
3104,1589,4,1,5000
3105,1590,3,1,20000
3106,1590,1,1,60000
3107,1590,1,1,60000
3108,1591,1,1,60000
3109,1591,3,1,20000
3110,1591,3,1,20000
3111,1592,1,1,60000
3112,1592,3,1,20000
3113,1592,1,2,120000
3114,1593,1,2,120000
3115,1593,4,2,10000
3116,1593,1,2,120000
3117,1594,3,2,40000
3118,1594,1,1,60000
3119,1595,4,2,10000
3120,1595,1,1,60000
3121,1596,3,1,20000
3122,1596,3,1,20000
3123,1596,3,2,40000
3124,1597,3,1,20000
3125,1597,3,1,20000
3126,1597,2,1,25000
3127,1598,3,2,40000
3128,1598,4,1,5000
3129,1598,2,2,50000
3130,1599,3,1,20000
3131,1599,2,1,25000
3132,1599,3,2,40000
3133,1600,4,1,5000
3134,1601,4,2,10000
3135,1602,3,2,40000
3136,1602,1,2,120000
3137,1603,4,1,5000
3138,1604,3,1,20000
3139,1604,4,1,5000
3140,1605,4,2,10000
3141,1605,2,2,50000
3142,1605,1,1,60000
3143,1606,1,2,120000
3144,1606,4,1,5000
3145,1606,2,2,50000
3146,1607,1,1,60000
3147,1607,4,1,5000
3148,1607,4,2,10000
3149,1608,1,2,120000
3150,1608,1,1,60000
3151,1608,2,2,50000
3152,1609,1,2,120000
3153,1609,4,1,5000
3154,1610,4,2,10000
3155,1611,2,1,25000
3156,1611,2,2,50000
3157,1611,1,2,120000
3158,1612,1,1,60000
3159,1613,1,1,60000
3160,1613,3,1,20000
3161,1613,2,2,50000
3162,1614,4,1,5000
3163,1614,1,1,60000
3164,1615,2,2,50000
3165,1616,3,2,40000
3166,1617,3,2,40000
3167,1618,3,2,40000
3168,1618,4,2,10000
3169,1619,4,1,5000
3170,1620,3,2,40000
3171,1621,2,1,25000
3172,1622,3,2,40000
3173,1622,1,2,120000
3174,1622,4,1,5000
3175,1623,2,1,25000
3176,1623,4,2,10000
3177,1624,2,1,25000
3178,1625,1,2,120000
3179,1625,3,1,20000
3180,1626,1,2,120000
3181,1626,4,1,5000
3182,1627,4,1,5000
3183,1627,2,2,50000
3184,1627,3,2,40000
3185,1628,2,2,50000
3186,1629,2,2,50000
3187,1629,2,1,25000
3188,1630,1,2,120000
3189,1630,2,2,50000
3190,1630,3,1,20000
3191,1631,3,2,40000
3192,1631,2,1,25000
3193,1632,1,1,60000
3194,1633,4,2,10000
3195,1633,1,2,120000
3196,1634,4,2,10000
3197,1634,4,2,10000
3198,1634,2,1,25000
3199,1635,2,2,50000
3200,1635,1,2,120000
3201,1635,4,2,10000
3202,1636,4,1,5000
3203,1637,3,1,20000
3204,1637,1,1,60000
3205,1637,1,1,60000
3206,1638,1,1,60000
3207,1638,4,1,5000
3208,1638,1,1,60000
3209,1639,1,1,60000
3210,1640,3,1,20000
3211,1641,4,2,10000
3212,1642,4,1,5000
3213,1642,1,1,60000
3214,1643,4,2,10000
3215,1644,1,2,120000
3216,1645,2,1,25000
3217,1645,4,1,5000
3218,1646,4,2,10000
3219,1646,1,2,120000
3220,1647,1,2,120000
3221,1647,4,1,5000
3222,1648,4,1,5000
3223,1648,1,2,120000
3224,1649,3,1,20000
3225,1650,2,2,50000
3226,1650,3,2,40000
3227,1650,4,1,5000
3228,1651,4,1,5000
3229,1651,2,2,50000
3230,1652,3,1,20000
3231,1653,2,1,25000
3232,1654,3,1,20000
3233,1654,3,1,20000
3234,1655,4,1,5000
3235,1655,1,2,120000
3236,1655,4,2,10000
3237,1656,1,1,60000
3238,1657,3,1,20000
3239,1657,3,1,20000
3240,1657,1,2,120000
3241,1658,4,1,5000
3242,1659,3,1,20000
3243,1659,2,1,25000
3244,1660,4,1,5000
3245,1660,4,2,10000
3246,1660,3,2,40000
3247,1661,1,1,60000
3248,1661,3,2,40000
3249,1661,3,1,20000
3250,1662,1,2,120000
3251,1662,2,1,25000
3252,1663,2,2,50000
3253,1664,2,1,25000
3254,1664,2,2,50000
3255,1664,1,2,120000
3256,1665,1,2,120000
3257,1666,2,1,25000
3258,1666,1,2,120000
3259,1666,4,1,5000
3260,1667,3,1,20000
3261,1667,1,2,120000
3262,1668,3,2,40000
3263,1669,1,2,120000
3264,1670,4,1,5000
3265,1670,4,2,10000
3266,1670,1,2,120000
3267,1671,4,1,5000
3268,1671,3,2,40000
3269,1671,4,1,5000
3270,1672,1,2,120000
3271,1672,1,2,120000
3272,1673,1,2,120000
3273,1674,4,2,10000
3274,1675,4,2,10000
3275,1675,4,1,5000
3276,1676,3,2,40000
3277,1676,2,1,25000
3278,1676,1,1,60000
3279,1677,1,1,60000
3280,1677,3,1,20000
3281,1678,4,2,10000
3282,1679,4,1,5000
3283,1679,4,2,10000
3284,1680,2,2,50000
3285,1681,4,1,5000
3286,1681,1,1,60000
3287,1682,2,2,50000
3288,1682,2,2,50000
3289,1683,4,2,10000
3290,1683,3,2,40000
3291,1684,3,1,20000
3292,1684,2,1,25000
3293,1684,2,1,25000
3294,1685,3,1,20000
3295,1685,3,2,40000
3296,1686,1,2,120000
3297,1686,3,2,40000
3298,1686,2,2,50000
3299,1687,3,2,40000
3300,1688,3,1,20000
3301,1689,2,2,50000
3302,1690,3,2,40000
3303,1691,4,1,5000
3304,1691,3,1,20000
3305,1691,4,2,10000
3306,1692,3,1,20000
3307,1692,4,1,5000
3308,1693,4,2,10000
3309,1693,3,1,20000
3310,1693,2,1,25000
3311,1694,2,1,25000
3312,1694,1,2,120000
3313,1694,3,2,40000
3314,1695,1,1,60000
3315,1696,3,2,40000
3316,1696,3,1,20000
3317,1697,4,1,5000
3318,1698,3,2,40000
3319,1698,4,2,10000
3320,1699,4,1,5000
3321,1699,3,2,40000
3322,1700,2,1,25000
3323,1700,2,2,50000
3324,1701,2,1,25000
3325,1701,1,2,120000
3326,1702,2,1,25000
3327,1702,3,2,40000
3328,1702,1,2,120000
3329,1703,1,2,120000
3330,1703,3,1,20000
3331,1704,2,2,50000
3332,1705,4,2,10000
3333,1705,4,2,10000
3334,1705,1,2,120000
3335,1706,4,1,5000
3336,1707,3,2,40000
3337,1707,4,1,5000
3338,1707,3,2,40000
3339,1708,3,1,20000
3340,1708,2,1,25000
3341,1709,1,1,60000
3342,1710,1,1,60000
3343,1710,2,1,25000
3344,1711,3,2,40000
3345,1712,3,1,20000
3346,1712,4,1,5000
3347,1713,4,2,10000
3348,1713,1,2,120000
3349,1714,2,2,50000
3350,1714,4,2,10000
3351,1715,3,1,20000
3352,1715,1,1,60000
3353,1715,4,1,5000
3354,1716,3,1,20000
3355,1716,1,1,60000
3356,1717,4,1,5000
3357,1718,2,2,50000
3358,1719,1,2,120000
3359,1719,4,2,10000
3360,1719,2,1,25000
3361,1720,4,1,5000
3362,1720,4,1,5000
3363,1720,1,1,60000
3364,1721,4,2,10000
3365,1721,2,2,50000
3366,1722,1,1,60000
3367,1723,2,1,25000
3368,1723,1,2,120000
3369,1724,1,2,120000
3370,1725,3,1,20000
3371,1725,1,1,60000
3372,1725,1,1,60000
3373,1726,1,1,60000
3374,1727,2,2,50000
3375,1727,4,2,10000
3376,1727,3,2,40000
3377,1728,4,2,10000
3378,1729,3,1,20000
3379,1730,4,1,5000
3380,1730,3,2,40000
3381,1731,2,2,50000
3382,1731,1,1,60000
3383,1732,1,1,60000
3384,1732,2,2,50000
3385,1733,3,1,20000
3386,1734,1,2,120000
3387,1734,4,1,5000
3388,1735,2,1,25000
3389,1735,3,2,40000
3390,1735,2,2,50000
3391,1736,4,1,5000
3392,1737,3,2,40000
3393,1738,3,2,40000
3394,1738,1,1,60000
3395,1738,1,1,60000
3396,1739,1,2,120000
3397,1739,1,2,120000
3398,1740,3,1,20000
3399,1740,3,1,20000
3400,1740,1,2,120000
3401,1741,3,2,40000
3402,1742,3,2,40000
3403,1742,1,1,60000
3404,1743,3,2,40000
3405,1743,3,1,20000
3406,1743,1,2,120000
3407,1744,3,1,20000
3408,1744,1,1,60000
3409,1744,1,1,60000
3410,1745,2,2,50000
3411,1745,3,1,20000
3412,1746,4,1,5000
3413,1747,2,2,50000
3414,1748,3,1,20000
3415,1748,1,1,60000
3416,1749,2,2,50000
3417,1749,3,2,40000
3418,1749,4,1,5000
3419,1750,3,2,40000
3420,1750,3,2,40000
3421,1751,4,2,10000
3422,1751,2,2,50000
3423,1751,1,2,120000
3424,1752,3,2,40000
3425,1752,2,1,25000
3426,1753,3,1,20000
3427,1753,2,2,50000
3428,1754,1,1,60000
3429,1754,1,1,60000
3430,1754,3,1,20000
3431,1755,2,2,50000
3432,1755,1,1,60000
3433,1755,1,1,60000
3434,1756,4,1,5000
3435,1757,2,2,50000
3436,1757,3,2,40000
3437,1757,2,1,25000
3438,1758,1,2,120000
3439,1759,1,2,120000
3440,1759,2,1,25000
3441,1759,4,2,10000
3442,1760,2,2,50000
3443,1760,1,2,120000
3444,1760,4,1,5000
3445,1761,1,2,120000
3446,1762,4,2,10000
3447,1762,2,1,25000
3448,1762,3,2,40000
3449,1763,2,1,25000
3450,1763,1,2,120000
3451,1764,2,2,50000
3452,1764,3,1,20000
3453,1764,4,1,5000
3454,1765,4,2,10000
3455,1765,1,1,60000
3456,1766,3,1,20000
3457,1766,4,1,5000
3458,1766,4,2,10000
3459,1767,4,2,10000
3460,1767,2,2,50000
3461,1768,1,1,60000
3462,1769,3,2,40000
3463,1769,4,1,5000
3464,1769,4,2,10000
3465,1770,3,1,20000
3466,1771,3,2,40000
3467,1772,2,1,25000
3468,1772,2,2,50000
3469,1772,1,2,120000
3470,1773,4,2,10000
3471,1773,3,2,40000
3472,1773,2,1,25000
3473,1774,2,1,25000
3474,1774,1,1,60000
3475,1775,1,2,120000
3476,1775,4,2,10000
3477,1776,1,2,120000
3478,1776,2,1,25000
3479,1776,3,1,20000
3480,1777,2,1,25000
3481,1778,1,1,60000
3482,1778,1,2,120000
3483,1778,1,1,60000
3484,1779,2,2,50000
3485,1779,3,1,20000
3486,1779,3,2,40000
3487,1780,3,1,20000
3488,1780,3,1,20000
3489,1781,3,1,20000
3490,1782,2,2,50000
3491,1783,3,1,20000
3492,1784,2,2,50000
3493,1785,1,1,60000
3494,1785,2,2,50000
3495,1785,2,1,25000
3496,1786,4,1,5000
3497,1786,1,1,60000
3498,1787,3,1,20000
3499,1788,1,1,60000
3500,1789,1,2,120000
3501,1790,1,2,120000
3502,1790,2,1,25000
3503,1791,2,1,25000
3504,1791,1,1,60000
3505,1791,2,1,25000
3506,1792,1,2,120000
3507,1792,4,1,5000
3508,1793,4,2,10000
3509,1794,4,2,10000
3510,1795,4,1,5000
3511,1795,4,1,5000
3512,1796,1,2,120000
3513,1797,2,2,50000
3514,1797,2,2,50000
3515,1798,1,1,60000
3516,1799,4,2,10000
3517,1799,2,2,50000
3518,1800,3,1,20000
3519,1800,1,1,60000
3520,1801,3,1,20000
3521,1801,2,2,50000
3522,1802,1,2,120000
3523,1802,2,1,25000
3524,1802,3,1,20000
3525,1803,3,2,40000
3526,1803,1,2,120000
3527,1804,4,2,10000
3528,1805,4,2,10000
3529,1805,4,2,10000
3530,1806,1,2,120000
3531,1806,3,1,20000
3532,1806,3,2,40000
3533,1807,3,2,40000
3534,1807,2,2,50000
3535,1808,2,1,25000
3536,1809,1,2,120000
3537,1809,2,1,25000
3538,1810,1,1,60000
3539,1811,1,2,120000
3540,1811,2,2,50000
3541,1812,2,1,25000
3542,1812,1,1,60000
3543,1812,3,2,40000
3544,1813,1,2,120000
3545,1814,1,2,120000
3546,1815,2,1,25000
3547,1816,3,2,40000
3548,1817,2,2,50000
3549,1817,3,2,40000
3550,1818,4,1,5000
3551,1818,4,2,10000
3552,1818,1,2,120000
3553,1819,1,1,60000
3554,1820,3,1,20000
3555,1821,4,2,10000
3556,1821,1,1,60000
3557,1821,4,1,5000
3558,1822,1,1,60000
3559,1822,2,2,50000
3560,1822,3,1,20000
3561,1823,4,2,10000
3562,1823,2,2,50000
3563,1824,3,1,20000
3564,1824,4,2,10000
3565,1825,4,2,10000
3566,1825,2,1,25000
3567,1825,4,2,10000
3568,1826,3,2,40000
3569,1826,2,1,25000
3570,1827,3,1,20000
3571,1827,3,1,20000
3572,1828,1,2,120000
3573,1828,1,2,120000
3574,1828,4,1,5000
3575,1829,4,2,10000
3576,1830,2,1,25000
3577,1831,4,2,10000
3578,1832,3,2,40000
3579,1832,3,2,40000
3580,1833,4,1,5000
3581,1834,4,2,10000
3582,1835,4,1,5000
3583,1835,4,1,5000
3584,1835,3,1,20000
3585,1836,2,1,25000
3586,1836,4,1,5000
3587,1836,2,1,25000
3588,1837,1,1,60000
3589,1838,1,2,120000
3590,1838,4,2,10000
3591,1838,4,2,10000
3592,1839,3,1,20000
3593,1840,1,2,120000
3594,1840,4,1,5000
3595,1841,4,1,5000
3596,1842,1,2,120000
3597,1842,2,2,50000
3598,1843,2,1,25000
3599,1843,4,1,5000
3600,1843,1,1,60000
3601,1844,1,2,120000
3602,1844,1,2,120000
3603,1844,4,2,10000
3604,1845,4,2,10000
3605,1845,4,1,5000
3606,1845,2,1,25000
3607,1846,1,2,120000
3608,1846,1,2,120000
3609,1847,1,2,120000
3610,1847,4,2,10000
3611,1848,3,1,20000
3612,1849,2,2,50000
3613,1849,2,2,50000
3614,1850,4,1,5000
3615,1850,3,1,20000
3616,1850,1,2,120000
3617,1851,3,2,40000
3618,1851,3,1,20000
3619,1852,2,2,50000
3620,1852,1,2,120000
3621,1853,2,1,25000
3622,1854,4,2,10000
3623,1855,4,2,10000
3624,1855,1,2,120000
3625,1856,4,2,10000
3626,1856,1,2,120000
3627,1856,1,2,120000
3628,1857,3,2,40000
3629,1858,3,1,20000
3630,1859,4,1,5000
3631,1859,3,2,40000
3632,1859,1,2,120000
3633,1860,3,1,20000
3634,1860,4,1,5000
3635,1860,4,1,5000
3636,1861,3,2,40000
3637,1861,1,2,120000
3638,1861,3,2,40000
3639,1862,4,2,10000
3640,1862,3,2,40000
3641,1862,1,1,60000
3642,1863,2,2,50000
3643,1864,1,1,60000
3644,1864,4,1,5000
3645,1864,4,2,10000
3646,1865,1,1,60000
3647,1865,4,2,10000
3648,1866,3,2,40000
3649,1866,2,1,25000
3650,1867,3,2,40000
3651,1867,3,1,20000
3652,1867,4,2,10000
3653,1868,1,2,120000
3654,1869,3,1,20000
3655,1870,1,1,60000
3656,1871,3,2,40000
3657,1871,2,2,50000
3658,1872,3,1,20000
3659,1872,1,1,60000
3660,1873,4,1,5000
3661,1873,4,1,5000
3662,1874,4,2,10000
3663,1875,4,2,10000
3664,1876,2,2,50000
3665,1876,4,2,10000
3666,1876,3,1,20000
3667,1877,2,1,25000
3668,1877,1,2,120000
3669,1877,1,1,60000
3670,1878,4,1,5000
3671,1879,3,2,40000
3672,1880,2,1,25000
3673,1881,2,2,50000
3674,1882,3,2,40000
3675,1882,2,2,50000
3676,1882,1,2,120000
3677,1883,3,2,40000
3678,1883,1,2,120000
3679,1883,2,1,25000
3680,1884,1,2,120000
3681,1885,4,1,5000
3682,1885,2,2,50000
3683,1885,2,1,25000
3684,1886,3,2,40000
3685,1886,4,2,10000
3686,1887,1,1,60000
3687,1887,1,1,60000
3688,1888,3,2,40000
3689,1888,2,2,50000
3690,1888,2,2,50000
3691,1889,1,1,60000
3692,1889,2,2,50000
3693,1890,3,2,40000
3694,1890,3,2,40000
3695,1891,2,1,25000
3696,1891,3,1,20000
3697,1892,2,1,25000
3698,1892,4,2,10000
3699,1892,4,1,5000
3700,1893,4,2,10000
3701,1893,3,2,40000
3702,1894,4,2,10000
3703,1894,3,2,40000
3704,1895,3,1,20000
3705,1896,2,2,50000
3706,1897,1,2,120000
3707,1897,3,1,20000
3708,1897,4,2,10000
3709,1898,1,2,120000
3710,1899,2,1,25000
3711,1899,1,1,60000
3712,1900,4,1,5000
3713,1900,1,1,60000
3714,1900,4,1,5000
3715,1901,1,1,60000
3716,1901,4,1,5000
3717,1902,1,1,60000
3718,1903,3,2,40000
3719,1904,2,2,50000
3720,1904,4,1,5000
3721,1904,1,1,60000
3722,1905,2,1,25000
3723,1906,4,2,10000
3724,1907,1,2,120000
3725,1907,3,2,40000
3726,1908,3,2,40000
3727,1908,3,1,20000
3728,1909,3,1,20000
3729,1909,4,1,5000
3730,1909,1,2,120000
3731,1910,4,2,10000
3732,1910,3,1,20000
3733,1911,4,1,5000
3734,1911,4,2,10000
3735,1911,1,1,60000
3736,1912,1,2,120000
3737,1912,2,1,25000
3738,1912,2,1,25000
3739,1913,1,2,120000
3740,1913,4,1,5000
3741,1914,1,2,120000
3742,1914,1,2,120000
3743,1915,1,1,60000
3744,1915,3,1,20000
3745,1915,4,2,10000
3746,1916,1,1,60000
3747,1916,3,2,40000
3748,1917,4,1,5000
3749,1917,3,1,20000
3750,1917,2,2,50000
3751,1918,2,1,25000
3752,1918,4,1,5000
3753,1918,3,1,20000
3754,1919,1,1,60000
3755,1919,1,1,60000
3756,1919,4,2,10000
3757,1920,3,1,20000
3758,1921,1,1,60000
3759,1922,2,2,50000
3760,1922,1,2,120000
3761,1923,4,1,5000
3762,1924,3,1,20000
3763,1925,2,2,50000
3764,1926,4,2,10000
3765,1926,1,1,60000
3766,1927,3,1,20000
3767,1927,3,1,20000
3768,1927,3,2,40000
3769,1928,4,2,10000
3770,1929,1,2,120000
3771,1930,4,2,10000
3772,1931,4,2,10000
3773,1931,3,1,20000
3774,1931,1,1,60000
3775,1932,1,1,60000
3776,1933,1,2,120000
3777,1934,1,1,60000
3778,1934,4,1,5000
3779,1935,4,2,10000
3780,1935,2,2,50000
3781,1935,3,1,20000
3782,1936,1,1,60000
3783,1936,2,2,50000
3784,1936,4,1,5000
3785,1937,1,1,60000
3786,1937,4,2,10000
3787,1937,3,1,20000
3788,1938,2,1,25000
3789,1938,1,2,120000
3790,1939,3,1,20000
3791,1939,3,1,20000
3792,1939,3,2,40000
3793,1940,2,2,50000
3794,1941,2,1,25000
3795,1942,4,2,10000
3796,1943,4,2,10000
3797,1943,1,1,60000
3798,1944,3,2,40000
3799,1945,1,1,60000
3800,1945,3,2,40000
3801,1946,4,1,5000
3802,1947,4,1,5000
3803,1947,4,1,5000
3804,1947,1,2,120000
3805,1948,2,2,50000
3806,1949,2,2,50000
3807,1950,1,2,120000
3808,1950,2,1,25000
3809,1951,4,1,5000
3810,1951,1,2,120000
3811,1952,1,2,120000
3812,1953,4,1,5000
3813,1953,2,2,50000
3814,1953,4,2,10000
3815,1954,4,2,10000
3816,1954,1,1,60000
3817,1955,3,2,40000
3818,1956,4,2,10000
3819,1957,2,2,50000
3820,1957,4,2,10000
3821,1958,1,1,60000
3822,1958,4,2,10000
3823,1958,3,2,40000
3824,1959,4,1,5000
3825,1959,2,1,25000
3826,1960,3,1,20000
3827,1960,3,2,40000
3828,1961,1,2,120000
3829,1961,4,1,5000
3830,1961,1,2,120000
3831,1962,2,1,25000
3832,1963,2,1,25000
3833,1963,1,2,120000
3834,1963,1,1,60000
3835,1964,4,1,5000
3836,1965,2,2,50000
3837,1965,1,1,60000
3838,1965,2,1,25000
3839,1966,1,1,60000
3840,1966,3,1,20000
3841,1966,3,1,20000
3842,1967,4,2,10000
3843,1967,2,2,50000
3844,1967,4,2,10000
3845,1968,4,2,10000
3846,1968,2,1,25000
3847,1968,2,1,25000
3848,1969,1,2,120000
3849,1969,1,2,120000
3850,1969,3,2,40000
3851,1970,1,2,120000
3852,1970,1,2,120000
3853,1971,4,1,5000
3854,1972,2,1,25000
3855,1972,2,2,50000
3856,1972,4,2,10000
3857,1973,3,2,40000
3858,1973,3,1,20000
3859,1974,4,2,10000
3860,1974,2,2,50000
3861,1974,3,2,40000
3862,1975,2,1,25000
3863,1975,4,2,10000
3864,1975,3,1,20000
3865,1976,2,1,25000
3866,1976,4,2,10000
3867,1977,4,1,5000
3868,1977,2,1,25000
3869,1977,1,2,120000
3870,1978,4,1,5000
3871,1978,1,2,120000
3872,1978,1,2,120000
3873,1979,2,2,50000
3874,1979,4,1,5000
3875,1979,4,2,10000
3876,1980,1,2,120000
3877,1980,2,1,25000
3878,1980,2,2,50000
3879,1981,1,1,60000
3880,1981,4,1,5000
3881,1981,1,1,60000
3882,1982,3,2,40000
3883,1983,3,2,40000
3884,1983,3,2,40000
3885,1984,1,1,60000
3886,1984,4,2,10000
3887,1985,3,1,20000
3888,1985,3,2,40000
3889,1986,4,1,5000
3890,1986,3,1,20000
3891,1986,4,1,5000
3892,1987,4,2,10000
3893,1987,3,1,20000
3894,1987,4,2,10000
3895,1988,3,1,20000
3896,1988,4,1,5000
3897,1988,1,2,120000
3898,1989,3,1,20000
3899,1989,3,1,20000
3900,1990,1,2,120000
3901,1991,4,1,5000
3902,1991,1,2,120000
3903,1991,4,2,10000
3904,1992,2,2,50000
3905,1992,2,1,25000
3906,1992,4,1,5000
3907,1993,1,2,120000
3908,1993,3,1,20000
3909,1993,4,2,10000
3910,1994,4,1,5000
3911,1995,4,1,5000
3912,1995,4,1,5000
3913,1995,4,2,10000
3914,1996,3,1,20000
3915,1996,4,2,10000
3916,1997,3,1,20000
3917,1998,1,2,120000
3918,1999,1,1,60000
3919,1999,4,1,5000
3920,1999,4,1,5000
3921,2000,1,1,60000
3922,2001,1,2,120000
3923,2001,1,1,60000
3924,2001,3,1,20000
3925,2002,3,2,40000
3926,2002,4,2,10000
3927,2002,4,1,5000
3928,2003,4,1,5000
3929,2003,1,1,60000
3930,2004,1,2,120000
3931,2004,3,1,20000
3932,2005,1,2,120000
3933,2005,2,2,50000
3934,2005,4,1,5000
3935,2006,2,2,50000
3936,2007,4,2,10000
3937,2007,4,2,10000
3938,2007,1,2,120000
3939,2008,4,2,10000
3940,2009,4,2,10000
3941,2009,3,2,40000
3942,2010,3,1,20000
3943,2010,3,2,40000
3944,2010,3,2,40000
3945,2011,1,1,60000
3946,2011,2,1,25000
3947,2011,4,1,5000
3948,2012,3,1,20000
3949,2012,2,1,25000
3950,2012,2,2,50000
3951,2013,4,2,10000
3952,2013,4,1,5000
3953,2014,3,1,20000
3954,2015,1,1,60000
3955,2015,4,2,10000
3956,2015,1,1,60000
3957,2016,3,1,20000
3958,2016,2,2,50000
3959,2017,4,1,5000
3960,2017,2,1,25000
3961,2018,3,2,40000
3962,2018,1,2,120000
3963,2018,3,2,40000
3964,2019,1,1,60000
3965,2020,2,1,25000
3966,2020,4,1,5000
3967,2020,4,2,10000
3968,2021,3,2,40000
3969,2021,1,1,60000
3970,2022,1,2,120000
3971,2022,1,1,60000
3972,2023,1,1,60000
3973,2024,1,2,120000
3974,2025,1,1,60000
3975,2025,1,1,60000
3976,2026,3,1,20000
3977,2027,2,2,50000
3978,2027,3,1,20000
3979,2028,3,1,20000
3980,2029,4,2,10000
3981,2029,3,1,20000
3982,2030,4,1,5000
3983,2031,4,1,5000
3984,2031,3,2,40000
3985,2031,1,2,120000
3986,2032,3,1,20000
3987,2032,2,1,25000
3988,2032,4,2,10000
3989,2033,1,1,60000
3990,2034,4,2,10000
3991,2034,2,1,25000
3992,2035,4,1,5000
3993,2035,3,1,20000
3994,2036,2,1,25000
3995,2036,2,2,50000
3996,2037,4,2,10000
3997,2037,2,2,50000
3998,2037,4,1,5000
3999,2038,4,1,5000
4000,2038,4,2,10000
4001,2039,1,2,120000
4002,2040,2,1,25000
4003,2041,3,2,40000
4004,2042,4,2,10000
4005,2042,3,1,20000
4006,2043,2,2,50000
4007,2044,1,1,60000
4008,2044,2,2,50000
4009,2044,4,1,5000
4010,2045,3,1,20000
4011,2046,3,1,20000
4012,2046,3,1,20000
4013,2046,3,2,40000
4014,2047,3,2,40000
4015,2047,2,1,25000
4016,2047,2,2,50000
4017,2048,1,2,120000
4018,2048,2,2,50000
4019,2049,2,2,50000
4020,2049,4,2,10000
4021,2049,1,1,60000
4022,2050,1,2,120000
4023,2050,1,2,120000
4024,2050,3,2,40000
4025,2051,2,2,50000
4026,2051,2,2,50000
4027,2052,2,1,25000
4028,2052,3,1,20000
4029,2053,2,2,50000
4030,2053,3,2,40000
4031,2053,3,2,40000
4032,2054,3,2,40000
4033,2054,2,1,25000
4034,2055,3,1,20000
4035,2055,4,2,10000
4036,2055,1,1,60000
4037,2056,4,2,10000
4038,2057,3,2,40000
4039,2058,2,1,25000
4040,2058,1,1,60000
4041,2058,4,2,10000
4042,2059,1,2,120000
4043,2059,1,1,60000
4044,2060,4,1,5000
4045,2061,3,1,20000
4046,2061,4,1,5000
4047,2062,1,1,60000
4048,2062,1,2,120000
4049,2062,4,2,10000
4050,2063,4,1,5000
4051,2063,1,1,60000
4052,2064,4,2,10000
4053,2065,1,2,120000
4054,2066,3,2,40000
4055,2067,3,2,40000
4056,2067,2,2,50000
4057,2067,2,1,25000
4058,2068,3,2,40000
4059,2068,3,1,20000
4060,2069,2,1,25000
4061,2069,3,2,40000
4062,2069,4,2,10000
4063,2070,2,1,25000
4064,2070,3,1,20000
4065,2070,1,1,60000
4066,2071,1,1,60000
4067,2071,3,2,40000
4068,2071,2,1,25000
4069,2072,4,2,10000
4070,2072,4,1,5000
4071,2073,1,1,60000
4072,2073,4,1,5000
4073,2074,3,2,40000
4074,2074,2,2,50000
4075,2074,1,1,60000
4076,2075,4,1,5000
4077,2075,1,2,120000
4078,2075,2,2,50000
4079,2076,3,2,40000
4080,2076,4,1,5000
4081,2076,1,2,120000
4082,2077,2,2,50000
4083,2077,2,2,50000
4084,2077,4,2,10000
4085,2078,2,2,50000
4086,2078,4,2,10000
4087,2079,4,1,5000
4088,2079,1,2,120000
4089,2080,2,2,50000
4090,2081,1,2,120000
4091,2082,3,1,20000
4092,2083,4,1,5000
4093,2083,4,2,10000
4094,2083,4,2,10000
4095,2084,2,2,50000
4096,2085,3,1,20000
4097,2085,1,1,60000
4098,2085,2,2,50000
4099,2086,4,2,10000
4100,2086,4,1,5000
4101,2086,1,2,120000
4102,2087,3,2,40000
4103,2087,2,1,25000
4104,2088,1,1,60000
4105,2088,4,2,10000
4106,2088,2,1,25000
4107,2089,4,1,5000
4108,2089,1,1,60000
4109,2089,2,2,50000
4110,2090,4,2,10000
4111,2090,1,2,120000
4112,2090,2,2,50000
4113,2091,1,1,60000
4114,2091,4,2,10000
4115,2091,4,2,10000
4116,2092,4,2,10000
4117,2092,1,2,120000
4118,2092,4,2,10000
4119,2093,2,2,50000
4120,2094,1,1,60000
4121,2094,2,2,50000
4122,2095,3,1,20000
4123,2095,1,1,60000
4124,2095,1,1,60000
4125,2096,3,2,40000
4126,2097,4,1,5000
4127,2097,2,1,25000
4128,2098,1,2,120000
4129,2098,4,2,10000
4130,2098,4,2,10000
4131,2099,2,2,50000
4132,2099,1,2,120000
4133,2099,3,2,40000
4134,2100,4,2,10000
4135,2100,3,1,20000
4136,2100,2,1,25000
4137,2101,4,2,10000
4138,2102,3,1,20000
4139,2102,4,1,5000
4140,2102,4,1,5000
4141,2103,3,2,40000
4142,2103,3,2,40000
4143,2103,4,2,10000
4144,2104,2,2,50000
4145,2104,3,2,40000
4146,2105,4,2,10000
4147,2105,4,2,10000
4148,2106,3,2,40000
4149,2106,1,1,60000
4150,2107,1,2,120000
4151,2108,2,2,50000
4152,2108,1,2,120000
4153,2108,3,2,40000
4154,2109,4,1,5000
4155,2110,3,1,20000
4156,2110,3,2,40000
4157,2111,4,1,5000
4158,2111,2,2,50000
4159,2112,3,2,40000
4160,2113,2,2,50000
4161,2113,4,1,5000
4162,2113,4,2,10000
4163,2114,1,1,60000
4164,2114,1,2,120000
4165,2115,3,2,40000
4166,2116,1,2,120000
4167,2117,3,1,20000
4168,2117,4,1,5000
4169,2117,2,2,50000
4170,2118,3,1,20000
4171,2119,2,1,25000
4172,2120,4,1,5000
4173,2120,2,1,25000
4174,2120,3,2,40000
4175,2121,2,1,25000
4176,2121,3,1,20000
4177,2122,2,2,50000
4178,2123,2,2,50000
4179,2123,1,1,60000
4180,2123,1,2,120000
4181,2124,4,1,5000
4182,2124,1,1,60000
4183,2124,3,1,20000
4184,2125,4,1,5000
4185,2125,4,1,5000
4186,2125,3,1,20000
4187,2126,2,1,25000
4188,2126,3,1,20000
4189,2127,1,2,120000
4190,2127,3,2,40000
4191,2127,3,2,40000
4192,2128,2,2,50000
4193,2129,2,1,25000
4194,2130,2,1,25000
4195,2131,3,2,40000
4196,2132,4,2,10000
4197,2132,2,1,25000
4198,2133,3,1,20000
4199,2133,4,1,5000
4200,2133,3,2,40000
4201,2134,4,1,5000
4202,2134,2,2,50000
4203,2135,2,2,50000
4204,2136,1,2,120000
4205,2136,1,2,120000
4206,2137,3,2,40000
4207,2137,4,1,5000
4208,2138,3,2,40000
4209,2138,1,2,120000
4210,2139,4,1,5000
4211,2140,1,2,120000
4212,2141,4,2,10000
4213,2141,1,2,120000
4214,2141,2,2,50000
4215,2142,1,2,120000
4216,2142,3,2,40000
4217,2143,2,2,50000
4218,2144,4,2,10000
4219,2144,4,2,10000
4220,2144,1,2,120000
4221,2145,1,2,120000
4222,2145,2,1,25000
4223,2146,1,1,60000
4224,2146,1,1,60000
4225,2146,1,1,60000
4226,2147,3,1,20000
4227,2147,2,1,25000
4228,2147,1,2,120000
4229,2148,2,2,50000
4230,2148,3,1,20000
4231,2148,4,1,5000
4232,2149,1,2,120000
4233,2149,1,2,120000
4234,2150,4,2,10000
4235,2150,2,2,50000
4236,2151,2,1,25000
4237,2151,4,1,5000
4238,2152,4,1,5000
4239,2153,1,2,120000
4240,2154,2,2,50000
4241,2155,3,1,20000
4242,2155,3,1,20000
4243,2156,4,1,5000
4244,2157,1,1,60000
4245,2158,2,1,25000
4246,2158,2,2,50000
4247,2159,2,2,50000
4248,2159,2,1,25000
4249,2159,2,2,50000
4250,2160,4,1,5000
4251,2160,4,2,10000
4252,2161,2,1,25000
4253,2162,1,1,60000
4254,2163,2,2,50000
4255,2164,3,1,20000
4256,2164,4,2,10000
4257,2164,2,2,50000
4258,2165,4,2,10000
4259,2165,2,1,25000
4260,2166,4,2,10000
4261,2167,1,1,60000
4262,2167,1,1,60000
4263,2168,3,1,20000
4264,2168,1,1,60000
4265,2168,2,1,25000
4266,2169,1,1,60000
4267,2169,1,1,60000
4268,2169,1,2,120000
4269,2170,4,1,5000
4270,2171,4,2,10000
4271,2171,2,1,25000
4272,2172,4,2,10000
4273,2172,1,2,120000
4274,2172,1,2,120000
4275,2173,4,1,5000
4276,2173,3,2,40000
4277,2174,1,2,120000
4278,2174,4,2,10000
4279,2175,1,1,60000
4280,2175,4,2,10000
4281,2176,1,1,60000
4282,2176,4,1,5000
4283,2176,3,1,20000
4284,2177,4,1,5000
4285,2177,2,1,25000
4286,2177,4,2,10000
4287,2178,1,1,60000
4288,2179,4,1,5000
4289,2180,4,1,5000
4290,2180,4,1,5000
4291,2180,4,2,10000
4292,2181,3,2,40000
4293,2182,3,1,20000
4294,2183,2,1,25000
4295,2183,4,2,10000
4296,2183,1,2,120000
4297,2184,2,1,25000
4298,2185,2,1,25000
4299,2185,4,1,5000
4300,2185,1,1,60000
4301,2186,2,2,50000
4302,2187,4,1,5000
4303,2187,2,2,50000
4304,2188,3,1,20000
4305,2188,1,2,120000
4306,2189,4,1,5000
4307,2189,2,1,25000
4308,2189,4,1,5000
4309,2190,2,2,50000
4310,2190,3,1,20000
4311,2190,3,2,40000
4312,2191,4,1,5000
4313,2192,4,2,10000
4314,2192,3,1,20000
4315,2192,1,2,120000
4316,2193,1,1,60000
4317,2194,2,1,25000
4318,2194,4,2,10000
4319,2195,1,2,120000
4320,2195,3,1,20000
4321,2195,3,2,40000
4322,2196,3,2,40000
4323,2196,3,2,40000
4324,2196,1,2,120000
4325,2197,2,1,25000
4326,2197,1,2,120000
4327,2198,1,1,60000
4328,2199,2,2,50000
4329,2199,2,1,25000
4330,2200,3,1,20000
4331,2200,2,2,50000
4332,2201,4,2,10000
4333,2201,4,1,5000
4334,2202,1,1,60000
4335,2202,2,2,50000
4336,2202,4,1,5000
4337,2203,2,2,50000
4338,2204,2,2,50000
4339,2205,4,1,5000
4340,2205,4,2,10000
4341,2205,1,1,60000
4342,2206,2,2,50000
4343,2206,4,2,10000
4344,2207,4,1,5000
4345,2207,4,1,5000
4346,2207,1,1,60000
4347,2208,1,2,120000
4348,2208,3,2,40000
4349,2208,4,1,5000
4350,2209,2,1,25000
4351,2209,1,2,120000
4352,2210,3,2,40000
4353,2210,4,2,10000
4354,2211,1,2,120000
4355,2211,4,2,10000
4356,2211,2,2,50000
4357,2212,2,2,50000
4358,2212,1,1,60000
4359,2212,2,2,50000
4360,2213,2,2,50000
4361,2213,3,2,40000
4362,2213,1,1,60000
4363,2214,4,2,10000
4364,2214,1,1,60000
4365,2214,2,1,25000
4366,2215,3,1,20000
4367,2215,4,2,10000
4368,2215,1,2,120000
4369,2216,4,1,5000
4370,2216,2,2,50000
4371,2216,2,1,25000
4372,2217,4,1,5000
4373,2218,2,1,25000
4374,2219,1,2,120000
4375,2220,4,1,5000
4376,2220,2,1,25000
4377,2220,4,2,10000
4378,2221,1,1,60000
4379,2221,4,1,5000
4380,2222,4,1,5000
4381,2222,2,1,25000
4382,2223,4,1,5000
4383,2223,1,1,60000
4384,2223,3,2,40000
4385,2224,2,2,50000
4386,2224,2,1,25000
4387,2224,1,1,60000
4388,2225,3,2,40000
4389,2226,1,1,60000
4390,2226,1,1,60000
4391,2227,1,1,60000
4392,2227,2,2,50000
4393,2228,4,1,5000
4394,2228,1,1,60000
4395,2229,2,2,50000
4396,2229,1,2,120000
4397,2230,1,1,60000
4398,2230,4,1,5000
4399,2230,1,1,60000
4400,2231,2,2,50000
4401,2231,3,1,20000
4402,2232,2,2,50000
4403,2233,2,1,25000
4404,2234,3,1,20000
4405,2234,1,1,60000
4406,2235,4,1,5000
4407,2235,4,1,5000
4408,2236,2,2,50000
4409,2236,1,2,120000
4410,2237,2,1,25000
4411,2238,4,1,5000
4412,2238,2,2,50000
4413,2238,2,1,25000
4414,2239,1,2,120000
4415,2240,4,2,10000
4416,2240,3,2,40000
4417,2241,1,2,120000
4418,2242,4,2,10000
4419,2243,1,2,120000
4420,2243,3,1,20000
4421,2244,2,1,25000
4422,2244,1,2,120000
4423,2245,3,2,40000
4424,2245,4,2,10000
4425,2245,3,2,40000
4426,2246,3,2,40000
4427,2246,4,2,10000
4428,2247,3,1,20000
4429,2247,4,1,5000
4430,2247,3,2,40000
4431,2248,2,2,50000
4432,2248,2,2,50000
4433,2249,4,2,10000
4434,2249,1,1,60000
4435,2249,4,2,10000
4436,2250,4,2,10000
4437,2251,1,1,60000
4438,2251,4,2,10000
4439,2252,4,2,10000
4440,2252,2,1,25000
4441,2252,1,1,60000
4442,2253,4,1,5000
4443,2253,3,2,40000
4444,2254,1,1,60000
4445,2254,4,1,5000
4446,2255,3,2,40000
4447,2256,4,1,5000
4448,2257,2,2,50000
4449,2258,1,1,60000
4450,2258,3,1,20000
4451,2259,3,1,20000
4452,2259,1,2,120000
4453,2259,1,2,120000
4454,2260,3,1,20000
4455,2261,4,2,10000
4456,2262,1,2,120000
4457,2262,4,1,5000
4458,2263,2,2,50000
4459,2264,2,1,25000
4460,2265,3,2,40000
4461,2265,3,1,20000
4462,2265,3,1,20000
4463,2266,4,2,10000
4464,2266,1,1,60000
4465,2267,4,2,10000
4466,2267,4,1,5000
4467,2267,2,1,25000
4468,2268,2,2,50000
4469,2268,1,1,60000
4470,2269,2,1,25000
4471,2270,1,2,120000
4472,2270,3,1,20000
4473,2271,3,2,40000
4474,2271,1,1,60000
4475,2272,4,2,10000
4476,2273,3,1,20000
4477,2274,4,2,10000
4478,2274,2,1,25000
4479,2274,2,2,50000
4480,2275,2,1,25000
4481,2275,1,1,60000
4482,2276,3,2,40000
4483,2276,3,2,40000
4484,2276,2,2,50000
4485,2277,1,1,60000
4486,2278,4,2,10000
4487,2278,2,2,50000
4488,2279,2,1,25000
4489,2280,3,1,20000
4490,2280,3,1,20000
4491,2281,2,1,25000
4492,2281,3,2,40000
4493,2281,1,1,60000
4494,2282,3,2,40000
4495,2282,4,1,5000
4496,2283,1,1,60000
4497,2283,2,2,50000
4498,2283,4,2,10000
4499,2284,2,2,50000
4500,2284,1,2,120000
4501,2284,3,1,20000
4502,2285,2,2,50000
4503,2285,4,1,5000
4504,2286,1,2,120000
4505,2287,3,2,40000
4506,2287,4,1,5000
4507,2288,4,2,10000
4508,2289,1,2,120000
4509,2289,1,1,60000
4510,2290,4,1,5000
4511,2290,2,2,50000
4512,2290,1,2,120000
4513,2291,4,1,5000
4514,2291,4,1,5000
4515,2292,2,1,25000
4516,2292,3,2,40000
4517,2293,4,2,10000
4518,2293,4,1,5000
4519,2294,4,2,10000
4520,2294,1,1,60000
4521,2295,1,1,60000
4522,2296,1,1,60000
4523,2297,2,1,25000
4524,2297,3,1,20000
4525,2297,4,1,5000
4526,2298,4,2,10000
4527,2298,3,1,20000
4528,2299,1,1,60000
4529,2299,2,2,50000
4530,2300,3,2,40000
4531,2300,1,1,60000
4532,2300,2,2,50000
4533,2301,3,2,40000
4534,2301,3,2,40000
4535,2302,4,2,10000
4536,2302,2,1,25000
4537,2303,2,1,25000
4538,2303,4,2,10000
4539,2304,2,1,25000
4540,2304,3,2,40000
4541,2305,1,2,120000
4542,2305,1,1,60000
4543,2306,1,1,60000
4544,2306,1,1,60000
4545,2307,1,2,120000
4546,2307,4,1,5000
4547,2308,4,2,10000
4548,2308,1,2,120000
4549,2308,4,2,10000
4550,2309,2,2,50000
4551,2309,3,1,20000
4552,2310,3,2,40000
4553,2311,2,1,25000
4554,2312,1,1,60000
4555,2312,1,2,120000
4556,2313,1,2,120000
4557,2314,4,2,10000
4558,2315,3,1,20000
4559,2315,1,2,120000
4560,2316,1,1,60000
4561,2317,3,2,40000
4562,2318,2,2,50000
4563,2319,4,1,5000
4564,2320,3,2,40000
4565,2321,4,2,10000
4566,2321,4,1,5000
4567,2321,4,1,5000
4568,2322,2,2,50000
4569,2322,3,1,20000
4570,2323,2,2,50000
4571,2323,1,1,60000
4572,2324,3,2,40000
4573,2324,1,2,120000
4574,2325,4,1,5000
4575,2325,2,2,50000
4576,2325,2,2,50000
4577,2326,4,1,5000
4578,2326,1,2,120000
4579,2327,3,2,40000
4580,2328,4,2,10000
4581,2329,3,2,40000
4582,2329,4,1,5000
4583,2329,1,1,60000
4584,2330,4,2,10000
4585,2331,2,1,25000
4586,2331,3,2,40000
4587,2332,2,2,50000
4588,2332,3,1,20000
4589,2333,3,2,40000
4590,2333,2,2,50000
4591,2333,2,1,25000
4592,2334,4,1,5000
4593,2334,4,1,5000
4594,2334,4,2,10000
4595,2335,4,1,5000
4596,2335,3,2,40000
4597,2336,2,1,25000
4598,2336,3,1,20000
4599,2337,4,2,10000
4600,2337,4,1,5000
4601,2337,3,2,40000
4602,2338,2,2,50000
4603,2338,4,1,5000
4604,2338,1,2,120000
4605,2339,1,1,60000
4606,2340,1,2,120000
4607,2341,1,2,120000
4608,2341,4,2,10000
4609,2342,4,2,10000
4610,2343,2,1,25000
4611,2344,4,2,10000
4612,2344,4,2,10000
4613,2344,3,2,40000
4614,2345,4,1,5000
4615,2345,1,1,60000
4616,2345,2,2,50000
4617,2346,1,2,120000
4618,2346,1,2,120000
4619,2347,3,2,40000
4620,2347,1,1,60000
4621,2347,4,1,5000
4622,2348,2,1,25000
4623,2348,2,2,50000
4624,2348,1,1,60000
4625,2349,4,2,10000
4626,2349,1,1,60000
4627,2349,1,1,60000
4628,2350,1,2,120000
4629,2350,2,2,50000
4630,2351,2,2,50000
4631,2351,2,2,50000
4632,2352,1,2,120000
4633,2352,3,1,20000
4634,2352,1,2,120000
4635,2353,3,1,20000
4636,2353,3,1,20000
4637,2353,4,2,10000
4638,2354,4,1,5000
4639,2355,3,2,40000
4640,2355,3,1,20000
4641,2355,4,1,5000
4642,2356,2,1,25000
4643,2357,2,2,50000
4644,2357,4,2,10000
4645,2358,2,2,50000
4646,2358,1,1,60000
4647,2358,4,1,5000
4648,2359,2,2,50000
4649,2359,4,2,10000
4650,2359,4,1,5000
4651,2360,1,1,60000
4652,2360,1,2,120000
4653,2360,4,2,10000
4654,2361,1,1,60000
4655,2361,3,1,20000
4656,2362,1,1,60000
4657,2362,3,1,20000
4658,2362,3,2,40000
4659,2363,2,2,50000
4660,2363,4,1,5000
4661,2363,3,1,20000
4662,2364,2,1,25000
4663,2365,4,1,5000
4664,2365,2,1,25000
4665,2366,3,1,20000
4666,2367,3,1,20000
4667,2368,4,2,10000
4668,2368,1,2,120000
4669,2369,3,1,20000
4670,2369,4,2,10000
4671,2369,2,2,50000
4672,2370,2,1,25000
4673,2371,2,2,50000
4674,2371,1,2,120000
4675,2372,3,2,40000
4676,2372,3,1,20000
4677,2372,3,2,40000
4678,2373,4,1,5000
4679,2374,3,2,40000
4680,2375,1,1,60000
4681,2375,2,2,50000
4682,2376,2,1,25000
4683,2376,3,2,40000
4684,2377,1,1,60000
4685,2377,4,2,10000
4686,2378,3,1,20000
4687,2379,3,2,40000
4688,2380,1,2,120000
4689,2381,3,1,20000
4690,2382,4,2,10000
4691,2382,4,1,5000
4692,2383,2,2,50000
4693,2383,2,2,50000
4694,2383,1,1,60000
4695,2384,4,2,10000
4696,2384,1,1,60000
4697,2384,3,1,20000
4698,2385,2,2,50000
4699,2385,1,2,120000
4700,2386,3,1,20000
4701,2387,4,2,10000
4702,2388,3,2,40000
4703,2388,3,1,20000
4704,2389,4,1,5000
4705,2389,4,1,5000
4706,2389,3,2,40000
4707,2390,2,1,25000
4708,2390,1,2,120000
4709,2390,3,2,40000
4710,2391,1,2,120000
4711,2391,4,1,5000
4712,2391,3,2,40000
4713,2392,4,1,5000
4714,2393,3,1,20000
4715,2393,4,1,5000
4716,2393,3,2,40000
4717,2394,1,1,60000
4718,2395,1,1,60000
4719,2396,3,1,20000
4720,2396,1,2,120000
4721,2396,1,2,120000
4722,2397,2,1,25000
4723,2398,3,2,40000
4724,2398,3,1,20000
4725,2398,1,1,60000
4726,2399,3,1,20000
4727,2399,3,1,20000
4728,2400,4,1,5000
4729,2400,1,2,120000
4730,2401,1,1,60000
4731,2401,1,2,120000
4732,2401,3,1,20000
4733,2402,1,1,60000
4734,2402,3,2,40000
4735,2402,4,2,10000
4736,2403,1,1,60000
4737,2403,3,1,20000
4738,2404,3,1,20000
4739,2405,4,1,5000
4740,2405,2,1,25000
4741,2405,4,1,5000
4742,2406,3,2,40000
4743,2406,2,1,25000
4744,2407,4,1,5000
4745,2407,2,1,25000
4746,2407,3,1,20000
4747,2408,2,1,25000
4748,2408,4,1,5000
4749,2408,2,1,25000
4750,2409,2,2,50000
4751,2409,2,1,25000
4752,2409,3,1,20000
4753,2410,4,2,10000
4754,2411,1,2,120000
4755,2411,2,2,50000
4756,2411,4,2,10000
4757,2412,4,2,10000
4758,2412,3,1,20000
4759,2413,4,1,5000
4760,2413,2,2,50000
4761,2413,3,1,20000
4762,2414,4,2,10000
4763,2415,1,1,60000
4764,2416,3,1,20000
4765,2416,1,1,60000
4766,2416,2,1,25000
4767,2417,3,1,20000
4768,2417,3,1,20000
4769,2418,4,2,10000
4770,2418,4,2,10000
4771,2418,2,2,50000
4772,2419,3,2,40000
4773,2419,4,2,10000
4774,2420,1,1,60000
4775,2420,3,2,40000
4776,2420,3,1,20000
4777,2421,2,2,50000
4778,2421,4,1,5000
4779,2422,3,2,40000
4780,2422,2,1,25000
4781,2422,2,1,25000
4782,2423,4,1,5000
4783,2424,4,1,5000
4784,2425,3,2,40000
4785,2426,2,2,50000
4786,2426,2,2,50000
4787,2427,3,1,20000
4788,2427,1,1,60000
4789,2427,2,2,50000
4790,2428,4,2,10000
4791,2428,1,1,60000
4792,2429,2,2,50000
4793,2429,4,1,5000
4794,2429,4,2,10000
4795,2430,1,2,120000
4796,2431,3,2,40000
4797,2431,1,1,60000
4798,2432,1,2,120000
4799,2432,3,2,40000
4800,2432,2,1,25000
4801,2433,4,1,5000
4802,2433,4,2,10000
4803,2433,3,1,20000
4804,2434,1,2,120000
4805,2434,1,2,120000
4806,2434,2,1,25000
4807,2435,3,2,40000
4808,2435,3,2,40000
4809,2436,2,1,25000
4810,2436,1,1,60000
4811,2437,2,2,50000
4812,2437,3,1,20000
4813,2438,3,1,20000
4814,2439,1,1,60000
4815,2439,4,1,5000
4816,2440,2,1,25000
4817,2441,3,1,20000
4818,2441,3,1,20000
4819,2441,3,2,40000
4820,2442,1,1,60000
4821,2443,4,1,5000
4822,2443,3,1,20000
4823,2443,4,2,10000
4824,2444,2,2,50000
4825,2445,1,1,60000
4826,2445,2,2,50000
4827,2446,3,1,20000
4828,2446,2,2,50000
4829,2447,1,2,120000
4830,2448,4,2,10000
4831,2448,3,2,40000
4832,2448,3,2,40000
4833,2449,4,1,5000
4834,2449,1,1,60000
4835,2450,4,1,5000
4836,2450,1,1,60000
4837,2451,4,1,5000
4838,2451,4,2,10000
4839,2451,2,2,50000
4840,2452,1,1,60000
4841,2453,4,1,5000
4842,2453,3,2,40000
4843,2453,3,2,40000
4844,2454,3,2,40000
4845,2454,1,2,120000
4846,2455,1,2,120000
4847,2455,2,1,25000
4848,2455,1,1,60000
4849,2456,1,1,60000
4850,2457,4,2,10000
4851,2457,4,2,10000
4852,2457,2,1,25000
4853,2458,2,1,25000
4854,2458,3,1,20000
4855,2459,3,1,20000
4856,2459,4,1,5000
4857,2460,1,2,120000
4858,2461,4,2,10000
4859,2461,1,1,60000
4860,2461,3,2,40000
4861,2462,1,2,120000
4862,2462,4,2,10000
4863,2462,1,1,60000
4864,2463,3,1,20000
4865,2463,2,1,25000
4866,2463,1,1,60000
4867,2464,4,2,10000
4868,2464,3,1,20000
4869,2464,2,1,25000
4870,2465,4,2,10000
4871,2465,1,1,60000
4872,2466,3,1,20000
4873,2467,3,2,40000
4874,2467,4,1,5000
4875,2467,3,1,20000
4876,2468,4,1,5000
4877,2469,4,1,5000
4878,2469,1,2,120000
4879,2469,3,2,40000
4880,2470,2,1,25000
4881,2471,4,2,10000
4882,2471,3,2,40000
4883,2471,4,1,5000
4884,2472,1,1,60000
4885,2472,1,2,120000
4886,2472,4,1,5000
4887,2473,3,1,20000
4888,2474,2,2,50000
4889,2475,1,2,120000
4890,2475,2,2,50000
4891,2476,3,1,20000
4892,2476,2,1,25000
4893,2476,2,1,25000
4894,2477,3,1,20000
4895,2478,3,1,20000
4896,2478,4,2,10000
4897,2478,4,1,5000
4898,2479,2,1,25000
4899,2479,1,2,120000
4900,2479,4,1,5000
4901,2480,2,1,25000
4902,2480,4,1,5000
4903,2480,3,2,40000
4904,2481,2,2,50000
4905,2482,4,2,10000
4906,2482,3,1,20000
4907,2482,4,2,10000
4908,2483,4,1,5000
4909,2483,3,2,40000
4910,2483,4,2,10000
4911,2484,1,2,120000
4912,2484,3,2,40000
4913,2484,3,2,40000
4914,2485,3,2,40000
4915,2485,4,2,10000
4916,2486,2,1,25000
4917,2486,2,2,50000
4918,2487,3,2,40000
4919,2487,3,2,40000
4920,2487,1,1,60000
4921,2488,1,2,120000
4922,2489,4,1,5000
4923,2489,1,1,60000
4924,2489,2,1,25000
4925,2490,4,1,5000
4926,2491,4,1,5000
4927,2491,4,1,5000
4928,2491,1,1,60000
4929,2492,4,1,5000
4930,2492,1,2,120000
4931,2493,4,1,5000
4932,2494,3,1,20000
4933,2495,4,2,10000
4934,2495,2,1,25000
4935,2495,3,1,20000
4936,2496,1,1,60000
4937,2496,2,1,25000
4938,2496,3,2,40000
4939,2497,2,2,50000
4940,2498,3,1,20000
4941,2498,1,1,60000
4942,2499,1,1,60000
4943,2499,3,1,20000
4944,2500,2,2,50000
4945,2501,4,1,5000
4946,2501,4,2,10000
4947,2501,3,1,20000
4948,2502,1,2,120000
4949,2503,1,1,60000
4950,2503,1,1,60000
4951,2504,1,1,60000
4952,2504,3,1,20000
4953,2504,1,2,120000
4954,2505,4,2,10000
4955,2506,4,2,10000
4956,2506,2,2,50000
4957,2506,2,1,25000
4958,2507,3,2,40000
4959,2507,4,2,10000
4960,2508,4,1,5000
4961,2508,1,1,60000
4962,2509,2,1,25000
4963,2509,1,1,60000
4964,2509,1,2,120000
4965,2510,3,2,40000
4966,2510,4,1,5000
4967,2511,3,1,20000
4968,2511,3,2,40000
4969,2511,2,1,25000
4970,2512,3,2,40000
4971,2513,1,2,120000
4972,2513,2,1,25000
4973,2514,1,2,120000
4974,2514,1,2,120000
4975,2515,2,1,25000
4976,2515,3,1,20000
4977,2515,2,1,25000
4978,2516,3,2,40000
4979,2516,1,2,120000
4980,2516,2,1,25000
4981,2517,3,2,40000
4982,2518,3,1,20000
4983,2518,4,1,5000
4984,2518,4,2,10000
4985,2519,2,1,25000
4986,2519,3,2,40000
4987,2519,2,1,25000
4988,2520,3,1,20000
4989,2521,4,2,10000
4990,2522,1,1,60000
4991,2522,3,2,40000
4992,2522,1,2,120000
4993,2523,4,2,10000
4994,2524,1,2,120000
4995,2524,1,1,60000
4996,2525,1,1,60000
4997,2525,1,2,120000
4998,2526,4,1,5000
4999,2526,3,2,40000
5000,2526,3,1,20000
5001,2527,1,1,60000
5002,2527,4,2,10000
5003,2528,3,1,20000
5004,2528,3,2,40000
5005,2529,1,1,60000
5006,2529,4,1,5000
5007,2529,2,2,50000
5008,2530,1,2,120000
5009,2530,4,1,5000
5010,2530,4,1,5000
5011,2531,2,1,25000
5012,2532,1,2,120000
5013,2532,1,2,120000
5014,2532,1,1,60000
5015,2533,1,2,120000
5016,2534,2,2,50000
5017,2534,2,2,50000
5018,2535,3,1,20000
5019,2535,2,1,25000
5020,2536,2,2,50000
5021,2536,2,1,25000
5022,2536,3,2,40000
5023,2537,3,1,20000
5024,2538,1,2,120000
5025,2538,2,1,25000
5026,2538,3,2,40000
5027,2539,2,2,50000
5028,2540,2,2,50000
5029,2540,1,1,60000
5030,2540,1,2,120000
5031,2541,2,2,50000
5032,2542,3,1,20000
5033,2542,1,2,120000
5034,2542,2,1,25000
5035,2543,1,2,120000
5036,2544,4,2,10000
5037,2544,4,2,10000
5038,2544,1,1,60000
5039,2545,1,2,120000
5040,2545,1,1,60000
5041,2545,1,1,60000
5042,2546,3,2,40000
5043,2546,1,2,120000
5044,2546,1,2,120000
5045,2547,3,1,20000
5046,2548,4,2,10000
5047,2549,4,1,5000
5048,2549,4,2,10000
5049,2550,3,1,20000
5050,2550,4,1,5000
5051,2551,4,2,10000
5052,2551,3,2,40000
5053,2552,1,1,60000
5054,2552,4,1,5000
5055,2553,1,1,60000
5056,2554,1,2,120000
5057,2554,4,1,5000
5058,2554,3,2,40000
5059,2555,2,2,50000
5060,2555,2,2,50000
5061,2555,2,2,50000
5062,2556,2,2,50000
5063,2557,3,1,20000
5064,2557,2,1,25000
5065,2558,1,2,120000
5066,2558,2,1,25000
5067,2559,4,2,10000
5068,2559,4,1,5000
5069,2559,4,2,10000
5070,2560,3,1,20000
5071,2560,4,1,5000
5072,2561,4,1,5000
5073,2562,3,2,40000
5074,2562,2,1,25000
5075,2563,1,1,60000
5076,2564,2,1,25000
5077,2564,1,1,60000
5078,2564,2,2,50000
5079,2565,1,1,60000
5080,2565,3,1,20000
5081,2565,3,2,40000
5082,2566,4,1,5000
5083,2566,4,2,10000
5084,2567,4,2,10000
5085,2567,3,1,20000
5086,2568,1,2,120000
5087,2568,1,1,60000
5088,2569,3,1,20000
5089,2570,3,2,40000
5090,2570,4,2,10000
5091,2570,1,2,120000
5092,2571,4,1,5000
5093,2571,3,1,20000
5094,2571,2,1,25000
5095,2572,2,1,25000
5096,2572,3,1,20000
5097,2572,3,2,40000
5098,2573,3,1,20000
5099,2574,4,2,10000
5100,2574,2,2,50000
5101,2574,1,2,120000
5102,2575,4,2,10000
5103,2575,2,2,50000
5104,2575,2,1,25000
5105,2576,4,2,10000
5106,2576,3,1,20000
5107,2576,3,2,40000
5108,2577,3,2,40000
5109,2577,1,2,120000
5110,2577,1,1,60000
5111,2578,1,2,120000
5112,2579,3,1,20000
5113,2579,1,2,120000
5114,2580,4,1,5000
